r_from,r_to,n_pairs,dM,dD,dIDO1,dTDO2
C*,FC(F)(F)*,20,-0.23,0.22,-0.12,-0.34
FC(F)(F)*,C*,20,0.23,-0.22,0.12,0.34
F*,Cl*,19,-0.06,-0.01,-0.06,-0.05
Cl*,F*,19,0.06,0.01,0.06,0.05
C1CCC(C*)CC1,C1CCC(*)CC1,17,0.21,-0.38,0.02,0.4
FC(F)(F)*,C1CC1*,17,0.53,-0.05,0.5,0.55
C1CC1*,FC(F)(F)*,17,-0.53,0.05,-0.5,-0.55
C1CCC(*)CC1,C1CCC(C*)CC1,17,-0.21,0.38,-0.02,-0.4
CC*,C*,17,0.09,-0.18,-0.0,0.18
C*,CC*,17,-0.09,0.18,0.0,-0.18
C1CC1*,C*,15,-0.21,-0.6,-0.52,0.09
C*,C1CC1*,15,0.21,0.6,0.52,-0.09
Cl*,C*,14,-0.03,-0.2,-0.13,0.07
C*,Cl*,14,0.03,0.2,0.13,-0.07
c1ccc(*)cc1,C*,13,0.79,0.04,0.81,0.77
OC(C1CCCCC1)*,OC(CC1CCCCC1)*,13,-0.26,0.36,-0.08,-0.44
OC(CC1CCCCC1)*,OC(C1CCCCC1)*,13,0.26,-0.36,0.08,0.44
C*,c1ccc(*)cc1,13,-0.79,-0.04,-0.81,-0.77
CC*,FC(F)(F)*,12,-0.43,-0.01,-0.43,-0.43
FC(F)(F)*,Cl*,12,0.14,-0.3,-0.01,0.3
Cl*,FC(F)(F)*,12,-0.14,0.3,0.01,-0.3
FC(F)(F)*,CC*,12,0.43,0.01,0.43,0.43
F*,CO*,11,-0.11,0.03,-0.09,-0.12
Cl*,Br*,11,0.22,0.16,0.3,0.14
Br*,Cl*,11,-0.22,-0.16,-0.3,-0.14
CO*,F*,11,0.11,-0.03,0.09,0.12
FC(F)(F)*,Br*,11,0.18,0.1,0.23,0.14
Br*,FC(F)(F)*,11,-0.18,-0.1,-0.23,-0.14
C*,CO*,10,-0.44,0.3,-0.28,-0.59
CO*,C*,10,0.44,-0.3,0.28,0.59
Br*,F*,9,0.05,-0.16,-0.03,0.13
F*,Br*,9,-0.05,0.16,0.03,-0.13
C*,F*,9,0.17,0.58,0.47,-0.12
F*,C*,9,-0.17,-0.58,-0.47,0.12
CC(C)*,C*,9,0.51,0.09,0.55,0.46
CC*,C1CC1*,9,-0.22,0.21,-0.12,-0.32
C*,CC(C)*,9,-0.51,-0.09,-0.55,-0.46
C1CC1*,CC*,9,0.22,-0.21,0.12,0.32
CC*,c1ccc(*)cc1,8,-0.8,-0.52,-1.06,-0.54
c1ccc(*)cc1,FC(F)(F)*,8,0.22,0.62,0.53,-0.09
FC(F)(F)*,c1ccc(*)cc1,8,-0.22,-0.62,-0.53,0.09
c1ccc(*)cc1,CC*,8,0.8,0.52,1.06,0.54
CO*,FC(F)(F)*,7,-0.34,-0.52,-0.6,-0.08
c1ccc(*)cc1,c1ccc(C*)cc1,7,-0.42,-0.02,-0.43,-0.41
CC(C)*,c1ccc(*)cc1,7,-0.24,-0.31,-0.39,-0.08
FC(F)(F)*,CO*,7,0.34,0.52,0.6,0.08
C1CCC(*)C1,C1CCC(*)CC1,7,0.12,0.25,0.25,-0.01
c1ccc(C*)cc1,c1ccc(*)cc1,7,0.42,0.02,0.43,0.41
Cl*,CO*,7,0.01,0.08,0.05,-0.04
Cl*,C1CC1*,7,0.41,0.92,0.87,-0.05
c1ccc(*)cc1,CC(C)*,7,0.24,0.31,0.39,0.08
C1CC1*,Cl*,7,-0.41,-0.92,-0.87,0.05
C1CCC(*)C1,c1ccc(*)cc1,7,-0.33,-0.02,-0.35,-0.32
CO*,Cl*,7,-0.01,-0.08,-0.05,0.04
C1CCC(*)CC1,C1CCC(*)C1,7,-0.12,-0.25,-0.25,0.01
c1ccc(*)cc1,C1CCC(*)C1,7,0.33,0.02,0.35,0.32
C1CCC(*)C1,C1CC(*)C1,6,-0.0,0.24,0.12,-0.12
CC1(C)CCC(*)CC1,C1CCC(*)C1,6,0.41,-0.08,0.37,0.45
CC*,CC(C)*,6,-0.48,-0.37,-0.66,-0.29
C1CC(*)C1,C1CCC(*)C1,6,0.0,-0.24,-0.12,0.12
CC1(C)CCC(*)C1,C1CCC(*)C1,6,0.11,0.02,0.12,0.1
CC(C)*,CC*,6,0.48,0.37,0.66,0.29
C1CCC(*)C1,CC1(C)CCC(*)CC1,6,-0.41,0.08,-0.37,-0.45
C1CCC(*)C1,CC1(C)CCC(*)C1,6,-0.11,-0.02,-0.12,-0.1
c1csc(*)c1,c1ccc(*)cc1,5,0.1,-0.04,0.08,0.12
CC(C)(C)*,c1ccc(*)cc1,5,0.38,0.11,0.43,0.32
Cl*,CC*,5,0.08,0.15,0.16,0.01
c1ccc(*)cc1,CC(C)(C)*,5,-0.38,-0.11,-0.43,-0.32
C1CCC(*)CC1,CC1(C)CCC(*)CC1,5,-0.51,-0.24,-0.63,-0.39
CC*,Cl*,5,-0.08,-0.15,-0.16,-0.01
c1ccc(*)cc1,C1CC(*)C1,5,0.12,0.18,0.22,0.03
C1CC(*)C1,CC*,5,0.23,0.48,0.47,-0.01
CC*,C1CC(*)C1,5,-0.23,-0.48,-0.47,0.01
CC(C)(C)*,FC(F)(F)*,5,0.63,0.5,0.88,0.38
O=[N+]([O-])*,F*,5,-0.25,-0.08,-0.29,-0.21
F*,O=[N+]([O-])*,5,0.25,0.08,0.29,0.21
C1CCC(*)CC1,c1ccc(*)cc1,5,-0.66,-0.45,-0.89,-0.44
C1CC(*)C1,c1ccc(*)cc1,5,-0.12,-0.18,-0.22,-0.03
CCc1sc2cncn2c1*,Cc1sc2cncn2c1*,5,-0.28,-0.37,-0.46,-0.09
Cc1sc2cncn2c1*,CCc1sc2cncn2c1*,5,0.28,0.37,0.46,0.09
Fc1ccc(*)cc1Cl,Fc1ccc(*)cc1F,5,0.13,-0.03,0.12,0.15
c1ccc(*)cc1,c1csc(*)c1,5,-0.1,0.04,-0.08,-0.12
O*,CO*,5,-0.06,-0.03,-0.08,-0.05
FC(F)(F)*,CC(C)(C)*,5,-0.63,-0.5,-0.88,-0.38
CO*,O*,5,0.06,0.03,0.08,0.05
CC1(C)CCC(*)CC1,C1CCC(*)CC1,5,0.51,0.24,0.63,0.39
FC(F)(F)*,F*,5,0.55,0.29,0.7,0.41
Fc1ccc(*)cc1F,Fc1ccc(*)cc1Cl,5,-0.13,0.03,-0.12,-0.15
c1ccc(*)cc1,C1CCC(*)CC1,5,0.66,0.45,0.89,0.44
C1CCC(C*)C1,CC1(C)CC(*)C1,5,0.58,0.48,0.82,0.34
CC1(C)CC(*)C1,C1CCC(C*)C1,5,-0.58,-0.48,-0.82,-0.34
F*,FC(F)(F)*,5,-0.55,-0.29,-0.7,-0.41
CC1(*)CCCC1,CC1(C)CC(*)C1,4,-0.37,0.94,0.09,-0.84
C1CCC(*)C1,CC*,4,0.32,1.06,0.85,-0.21
C*,OC*,4,0.15,0.13,0.22,0.08
C1CCC(*)CC1,c1csc(*)c1,4,-0.45,-0.05,-0.48,-0.43
Fc1cccc(*)c1,Clc1ccc(*)cc1,4,-0.03,-0.19,-0.13,0.06
OC*,C*,4,-0.15,-0.13,-0.22,-0.08
FC(F)(F)*,FC(F)*,4,0.28,0.5,0.53,0.03
C1CCC(*)CC1,CC1(C)CCC(*)C1,4,-0.21,-0.24,-0.33,-0.09
Clc1ccc(*)cc1,Fc1ccc(*)cc1,4,0.0,-0.01,-0.0,0.01
CCC*,CC*,4,0.43,0.28,0.57,0.29
Fc1ccc(*)cc1,c1ccc(*)cc1,4,0.33,-0.28,0.19,0.47
c1ccc(*)cc1,CCC*,4,0.2,0.65,0.52,-0.12
C1CCC(C*)C1,CC1(C)CCC(C*)CC1,4,-0.48,0.09,-0.44,-0.53
CC1(*)CCCC1,C1CCC(C*)C1,4,-0.99,0.46,-0.76,-1.22
c1ccc(*)cc1,COc1ccc(*)cc1,4,-0.33,0.05,-0.31,-0.36
CO*,CC*,4,0.17,0.05,0.19,0.14
FC(F)*,FC(F)(F)*,4,-0.28,-0.5,-0.53,-0.03
O*,CC(=O)O*,4,-0.26,-0.03,-0.27,-0.24
CCC*,c1ccc(*)cc1,4,-0.2,-0.65,-0.52,0.12
CCC*,FC(F)(F)*,4,0.06,0.33,0.22,-0.1
c1ccc(*)cc1,Clc1cccc(*)c1,4,0.0,0.35,0.18,-0.17
CC1(C)CC(*)C1,CC1(C)CCC(C*)CC1,4,-1.1,-0.4,-1.3,-0.91
COc1ccc(*)cc1,c1ccc(*)cc1,4,0.33,-0.05,0.31,0.36
C1CC1*,c1ccc(*)cc1,4,-0.58,-1.1,-1.14,-0.03
c1ccc(*)cc1,CC1(*)CCCCC1,4,0.89,0.03,0.91,0.88
CC*,C1CCC(*)C1,4,-0.32,-1.06,-0.85,0.21
Fc1ccc(*)cc1,Clc1ccc(*)cc1,4,-0.0,0.01,0.0,-0.01
CC1(*)CCCCC1,c1ccc(*)cc1,4,-0.89,-0.03,-0.91,-0.88
C1CCC(*)C1,C1CCCC(*)CC1,4,-0.03,-0.0,-0.03,-0.03
Clc1ccc(*)cc1,Fc1cccc(*)c1,4,0.03,0.19,0.13,-0.06
CC*,CCC*,4,-0.43,-0.28,-0.57,-0.29
CC*,CC(C)(C)*,4,-1.27,-0.67,-1.6,-0.93
CC(=O)O*,O*,4,0.26,0.03,0.27,0.24
CC1(C)CCC(*)CC1,CC1(C)CCC(*)C1,4,0.19,-0.09,0.14,0.23
N*,C*,4,-0.02,-0.05,-0.05,0.0
Fc1cccc(*)c1,c1ccc(*)cc1,4,0.03,-0.14,-0.04,0.1
C*,N*,4,0.02,0.05,0.05,0.0
C*,Br*,4,0.4,0.05,0.42,0.37
Br*,C*,4,-0.4,-0.05,-0.42,-0.37
CC(C)(C)*,CC*,4,1.27,0.67,1.6,0.93
c1ccc(*)cc1,C1CC1*,4,0.58,1.1,1.14,0.03
Clc1cccc(*)c1,Fc1ccc(*)cc1,4,-0.12,0.04,-0.1,-0.14
Fc1ccc(*)cc1,Fc1cccc(*)c1,4,-0.06,0.18,0.03,-0.16
Fc1ccc(*)cc1,Clc1cccc(*)c1,4,0.12,-0.04,0.1,0.14
Fc1ccc(*)cc1,Fc1ccc(*)cc1F,4,0.17,0.07,0.21,0.13
CC1(C)CCC(C*)CC1,C1CCC(C*)C1,4,0.48,-0.09,0.44,0.53
Fc1ccc(*)cc1,Brc1ccc(*)cc1,4,-0.12,0.16,-0.04,-0.19
c1csc(*)c1,C1CCC(*)CC1,4,0.45,0.05,0.48,0.43
Fc1ccc(*)cc1F,Fc1ccc(*)cc1,4,-0.17,-0.07,-0.21,-0.13
Clc1cccc(*)c1,c1ccc(*)cc1,4,-0.0,-0.35,-0.18,0.17
C*,O=C(O)*,4,-0.1,-0.05,-0.12,-0.08
C1CCCC(*)CC1,C1CCC(*)C1,4,0.03,0.0,0.03,0.03
Brc1ccc(*)cc1,Fc1ccc(*)cc1,4,0.12,-0.16,0.04,0.19
CC(C)*,FC(F)(F)*,4,0.34,-0.07,0.3,0.38
C1CCC(*)CC1,CC1(*)CCCC1,4,0.47,-0.25,0.34,0.6
FC(F)(F)*,CC(C)*,4,-0.34,0.07,-0.3,-0.38
C1CCC(C*)C1,CC1(*)CCCC1,4,0.99,-0.46,0.76,1.22
CC1(C)CC(*)C1,CC1(*)CCCC1,4,0.37,-0.94,-0.09,0.84
CC1(*)CCCC1,C1CCC(*)CC1,4,-0.47,0.25,-0.34,-0.6
C1CCC(*)CC1,C1CCC(C*)C1,4,-0.49,0.07,-0.46,-0.53
FC(F)(F)*,CCC*,4,-0.06,-0.33,-0.22,0.1
c1ccc(*)cc1,Fc1ccc(*)cc1,4,-0.33,0.28,-0.19,-0.47
C1CC(*)C1,C*,4,0.54,0.3,0.69,0.39
CC1(C)CCC(*)C1,CC1(C)CCC(*)CC1,4,-0.19,0.09,-0.14,-0.23
c1ccc(*)cc1,Fc1cccc(*)c1,4,-0.03,0.14,0.04,-0.1
CC1(C)CC(*)C1,C1CCC(*)CC1,4,-0.02,-0.51,-0.28,0.23
CC1(C)CCC(*)C1,C1CCC(*)CC1,4,0.21,0.24,0.33,0.09
O=C(O)*,C*,4,0.1,0.05,0.12,0.08
CC*,CO*,4,-0.17,-0.05,-0.19,-0.14
CC1(C)CCC(C*)CC1,CC1(C)CC(*)C1,4,1.1,0.4,1.3,0.91
C*,C1CC(*)C1,4,-0.54,-0.3,-0.69,-0.39
C1CCC(*)CC1,CC1(C)CC(*)C1,4,0.02,0.51,0.28,-0.23
Fc1cccc(*)c1,Fc1ccc(*)cc1,4,0.06,-0.18,-0.03,0.16
C1CCC(C*)C1,C1CCC(*)CC1,4,0.49,-0.07,0.46,0.53
C1CC1*,Br*,3,-0.06,-0.21,-0.17,0.04
CC1(C)CC(*)C1,c1ccc(*)cc1,3,-0.88,-0.61,-1.18,-0.57
CC1CCC(*)CC1,C1CCC(*)CC1,3,0.26,0.05,0.29,0.23
Br*,C1CC1*,3,0.06,0.21,0.17,-0.04
FC(F)(F)*,C1CCC(*)C1,3,-0.3,-1.13,-0.87,0.26
CC1(C)CCC(*)C1,CC1CCC(*)CC1,3,-0.16,0.18,-0.07,-0.25
Clc1ccc(*)cc1,c1ccc(*)cc1,3,-0.37,0.04,-0.35,-0.4
CC1(C)CCC(*)C1,CC1(C)CCC(C*)CC1,3,-0.65,0.04,-0.63,-0.67
C1CC1*,c1cc(*)cs1,3,-0.25,-0.99,-0.75,0.24
FC1(F)CC(*)C1,C1CCC(*)C1,3,0.55,-0.16,0.47,0.63
CN(C)*,CN1CCN(*)CC1,3,-0.08,0.14,-0.01,-0.15
FC(F)(F)*,C1CC(*)C1,3,-0.43,-0.27,-0.57,-0.3
C1CCC(*)CC1,CC1CCCC(*)C1,3,-0.11,-0.12,-0.17,-0.05
CN1CCN(*)CC1,CN(C)*,3,0.08,-0.14,0.01,0.15
CC1(C)CCC(*)C1,CC1(*)CCCCC1,3,0.38,-0.35,0.21,0.56
CC1CCC(*)CC1,CC1(C)CCC(*)C1,3,0.16,-0.18,0.07,0.25
Clc1ccc(*)cc1,Clc1cccc(*)c1,3,-0.2,-0.03,-0.21,-0.18
CC1(C)CCC(*)C1,CC1(C)CC(*)C1,3,0.41,0.57,0.69,0.12
FC(F)(F)*,C=C*,3,1.03,-0.9,0.58,1.49
CC1CCC(*)CC1,CC1(C)CCC(*)CC1,3,-0.08,0.01,-0.07,-0.08
FC1(F)CC(*)C1,c1ccc(*)cc1,3,0.25,-0.28,0.11,0.39
CC1CCC(*)CC1,C1CCC(*)C1,3,0.23,0.03,0.24,0.21
C1CC1*,C=C*,3,0.59,-0.8,0.19,0.99
CC1(C)CCC(*)C1,CC1CCCC(*)C1,3,0.08,0.16,0.16,0.01
C1CCC(*)CC1,CC1(*)CCCCC1,3,0.07,-0.2,-0.03,0.18
Cc1cccc(*)c1,c1ccc(*)cc1,3,-0.08,0.76,0.3,-0.46
C1CCC(*)C1,CC1CCCC(*)C1,3,-0.1,-0.06,-0.14,-0.07
CC1(C)CCC(C*)CC1,c1ccc(*)cc1,3,0.17,-0.33,0.01,0.33
CCN(CC)C(=O)*,C*,3,-0.28,0.16,-0.2,-0.36
CC1(C)CCC(C*)CC1,C1CCC(*)CC1,3,1.05,-0.03,1.04,1.07
CC1(C)CCC(C*)CC1,C1CCC(*)C1,3,0.71,-0.11,0.65,0.76
CC1(C)CCC(C*)CC1,C1CCC(C*)CC1,3,0.62,0.49,0.86,0.37
C1CCC(*)C1,CC1(C)CC(*)C1,3,0.35,0.64,0.67,0.03
FC(F)(F)O*,CO*,3,0.14,0.17,0.22,0.05
C*,CCN(CC)C(=O)*,3,0.28,-0.16,0.2,0.36
C1CCC(*)C1,CC1(C)CCC(C*)CC1,3,-0.71,0.11,-0.65,-0.76
CC1(C)CCC(C*)CC1,CC1(C)CCC(*)C1,3,0.65,-0.04,0.63,0.67
CC1(C)CCC(C*)CC1,CC1(*)CCCCC1,3,1.12,-0.34,0.95,1.29
C1CCC(*)C1,CC1CCC(*)CC1,3,-0.23,-0.03,-0.24,-0.21
CC1(C)CCC(C*)C1,C1CCC(C*)CC1,3,0.22,0.34,0.39,0.05
CO*,FC(F)(F)O*,3,-0.14,-0.17,-0.22,-0.05
COc1ccc(*)cc1,Fc1ccc(*)cc1,3,-0.15,-0.13,-0.22,-0.08
O=C(O)*,Cl*,3,0.64,-0.04,0.62,0.66
COc1ccc(*)cc1,FC(F)(F)c1ccc(*)cc1,3,-0.81,-0.18,-0.91,-0.72
Cl*,O=C(O)*,3,-0.64,0.04,-0.62,-0.66
C1CCC(*)C1,C1CCC(C*)C1,3,-0.3,0.05,-0.27,-0.33
C1CCC(*)C1,C1CCC(C*)CC1,3,-0.33,0.36,-0.15,-0.52
Fc1ccc(*)cc1,COc1ccc(*)cc1,3,0.15,0.13,0.22,0.08
C1CCC(*)C1,c1csc(*)c1,3,-0.54,-0.02,-0.55,-0.54
Fc1ccc(*)cc1,Fc1ccc(*)cc1Cl,3,0.19,0.04,0.21,0.17
CC1(C)CCC(*)CC1,CC1CCC(*)CC1,3,0.08,-0.01,0.07,0.08
CC1(C)CCC(*)CC1,CC1CCCC(*)C1,3,0.25,0.19,0.35,0.16
Fc1ccc(*)cc1Cl,Fc1ccc(*)cc1,3,-0.19,-0.04,-0.21,-0.17
C1CCC(*)C1,CC1(*)CCCCC1,3,0.36,-0.39,0.17,0.56
CC1(C)CCC(*)C1,c1ccc(*)cc1,3,-0.57,-0.24,-0.69,-0.45
C1CCC(*)CC1,CC1CCC(*)CC1,3,-0.26,-0.05,-0.29,-0.23
C1CCC(*)C1,c1cc(*)cs1,3,-0.2,0.05,-0.18,-0.23
C1CC1*,C1CCC(*)C1,3,-0.01,-1.07,-0.55,0.52
C1CC(*)C1,CC(C)(C)*,3,-0.51,-0.25,-0.63,-0.38
Cc1cccc(*)c1,Clc1cccc(*)c1,3,-0.0,0.84,0.42,-0.42
Cc1cccc(*)c1,Fc1ccc(*)cc1,3,-0.16,0.9,0.29,-0.61
C1CCC(*)CC1,CC1(C)CCC(C*)CC1,3,-1.05,0.03,-1.04,-1.07
C1CC(*)C1,FC(F)(F)*,3,0.43,0.27,0.57,0.3
O=[N+]([O-])*,Cl*,3,0.02,-0.16,-0.06,0.11
Cl*,O=[N+]([O-])*,3,-0.02,0.16,0.06,-0.11
CC1(C)CCC(*)C1,C1CCC(C*)C1,3,-0.24,-0.02,-0.25,-0.23
C1CCC(*)C1,CC(C)(C)*,3,-0.52,0.35,-0.35,-0.7
C1CCC(*)C1,CCC*,3,0.24,0.68,0.58,-0.1
C*,c1ccc(C*)cc1,3,-0.99,-0.23,-1.11,-0.87
C1CCC(*)C1,FC(F)(F)*,3,0.3,1.13,0.87,-0.26
Cl*,C1CCC(*)C1,3,-0.04,-0.88,-0.48,0.4
C1CCC(*)C1,FC1(F)CC(*)C1,3,-0.55,0.16,-0.47,-0.63
C1CCC(*)C1,C1CC1*,3,0.01,1.07,0.55,-0.52
C1CCC(*)C1,c1ccc(C*)cc1,3,-0.97,-0.24,-1.09,-0.85
C1CCC(*)C1,Cl*,3,0.04,0.88,0.48,-0.4
c1ccc(C*)cc1,CC*,3,1.28,0.53,1.54,1.02
c1ccc(C*)cc1,Fc1cccc(*)c1,3,0.81,0.36,0.99,0.64
c1ccc(C*)cc1,C*,3,0.99,0.23,1.11,0.87
c1ccc(C*)cc1,C1CCC(*)C1,3,0.97,0.24,1.09,0.85
Cl*,C=C*,3,1.09,0.06,1.12,1.07
Cl*,c1ccc(*)cc1,3,-0.17,-0.48,-0.41,0.07
Cl*,c1cc(*)cs1,3,0.15,-0.36,-0.03,0.33
CC1(C)CCC(*)C1,C1CCCC(*)CC1,3,-0.02,0.23,0.09,-0.14
c1cc(*)cs1,Cl*,3,-0.15,0.36,0.03,-0.33
c1ccc(*)cc1,Cl*,3,0.17,0.48,0.41,-0.07
c1cc(*)cs1,C1CCC(*)C1,3,0.2,-0.05,0.18,0.23
OC(C1CCCCC1)*,OC(C1CCCC1)*,3,-0.11,0.03,-0.09,-0.12
C1CC(*)C1,CC(C)*,3,0.15,0.33,0.31,-0.02
Fc1cccc(*)c1,Clc1cccc(*)c1,3,-0.06,-0.01,-0.06,-0.05
Clc1cccc(*)c1,Fc1cccc(*)c1,3,0.06,0.01,0.06,0.05
Fc1ccc(*)cc1,Clc1ccc(*)cc1Cl,3,0.27,0.05,0.3,0.25
c1csc(*)c1,C1CCC(*)C1,3,0.54,0.02,0.55,0.54
c1csc(*)c1,C1CCC(C*)CC1,3,0.14,0.38,0.33,-0.05
c1csc(*)c1,COc1ccc(*)cc1,3,0.17,0.2,0.27,0.08
Clc1ccc(*)cc1Cl,Fc1ccc(*)cc1,3,-0.27,-0.05,-0.3,-0.25
O[C@H](C1CCCCC1)*,OC(CC1CCCCC1)*,3,-0.54,0.35,-0.36,-0.71
CC1(*)CCCCC1,CC1(C)CCC(C*)CC1,3,-1.12,0.34,-0.95,-1.29
O[C@H](C1CCCCC1)*,OC(C1CCCCC1)*,3,-0.23,0.05,-0.2,-0.26
Clc1ccc(*)cc1,Brc1cccc(*)c1,3,0.2,0.34,0.37,0.03
Brc1cccc(*)c1,Clc1ccc(*)cc1,3,-0.2,-0.34,-0.37,-0.03
CC1(*)CCCC1,CC1(C)CCC(C*)CC1,3,-1.57,0.71,-1.21,-1.92
CC1(*)CCCC1,C1CCC(C*)CC1,3,-0.79,1.19,-0.2,-1.39
CC1(*)CCCCC1,C1CCC(C*)C1,3,-0.67,0.16,-0.59,-0.75
Fc1ccc(*)cc1,Cc1cccc(*)c1,3,0.16,-0.9,-0.29,0.61
OC(c1cccs1)*,OC(C1CCCCC1)*,3,0.57,-0.07,0.54,0.6
CC(C)*,C1CC(*)C1,3,-0.15,-0.33,-0.31,0.02
OC(C1CCCCC1)*,OC(c1cccs1)*,3,-0.57,0.07,-0.54,-0.6
OC(C1CCCCC1)*,O[C@H](C1CCCCC1)*,3,0.23,-0.05,0.2,0.26
CC(C)(C)*,C*,3,0.86,0.23,0.97,0.74
CC(C)(C)*,C1CCC(*)C1,3,0.52,-0.35,0.35,0.7
CC(C)(C)*,C1CC(*)C1,3,0.51,0.25,0.63,0.38
OC(c1ccccc1)*,OC(CC1CCCC1)*,3,0.28,0.15,0.36,0.21
C1CCCC(*)CC1,CC1(C)CCC(*)C1,3,0.02,-0.23,-0.09,0.14
OC(c1cccs1)*,OC(C1CCCC1)*,3,0.54,0.02,0.55,0.54
CC(C)(C)*,CCC*,3,0.77,0.33,0.93,0.6
C*,CC(C)(C)*,3,-0.86,-0.23,-0.97,-0.74
C=C*,Cl*,3,-1.09,-0.06,-1.12,-1.07
C=C*,C1CC1*,3,-0.59,0.8,-0.19,-0.99
OC(c1cccs1)*,OC(CC1CCCCC1)*,3,0.14,0.38,0.33,-0.05
C=C*,FC(F)(F)*,3,-1.03,0.9,-0.58,-1.49
CC1(*)CCCCC1,CC1(C)CCC(*)C1,3,-0.38,0.35,-0.21,-0.56
CC1(*)CCCCC1,CC1(C)CC(*)C1,3,-0.08,0.62,0.23,-0.38
CC1(C)CCC(C*)CC1,CC1(*)CCCC1,3,1.57,-0.71,1.21,1.92
c1ccc(*)cc1,Cc1ccccc1*,3,-0.27,-0.51,-0.52,-0.01
N#C*,Cl*,3,0.19,-0.24,0.07,0.31
N#C*,F*,3,0.04,-0.32,-0.12,0.2
Cl*,N#C*,3,-0.19,0.24,-0.07,-0.31
F*,N#C*,3,-0.04,0.32,0.12,-0.2
CO*,Br*,3,-0.07,0.06,-0.03,-0.1
Br*,CO*,3,0.07,-0.06,0.03,0.1
C1CCC(C*)C1,CC1(C)CCC(*)C1,3,0.24,0.02,0.25,0.23
COC(=O)*,O=C(O)*,3,0.06,-0.8,-0.34,0.47
C1CCC(C*)C1,CC1(*)CCCCC1,3,0.67,-0.16,0.59,0.75
Clc1ccc(*)cc1,Fc1ccccc1*,3,0.15,-0.11,0.09,0.2
Cc1ccccc1*,c1ccc(*)cc1,3,0.27,0.51,0.52,0.01
c1ccc(*)cc1,CC1(C)CCC(C*)CC1,3,-0.17,0.33,-0.01,-0.33
c1ccc(*)cc1,CC1(C)CCC(*)C1,3,0.57,0.24,0.69,0.45
c1ccc(*)cc1,CC1(C)CC(*)C1,3,0.88,0.61,1.18,0.57
O=C(O)*,COC(=O)*,3,-0.06,0.8,0.34,-0.47
c1ccc(*)cc1,C1CCC(C*)C1,3,0.28,0.15,0.36,0.21
C1CCC(C*)CC1,CC1(*)CCCC1,3,0.79,-1.19,0.2,1.39
C1CCC(C*)CC1,CC1(C)CCC(C*)CC1,3,-0.62,-0.49,-0.86,-0.37
Fc1ccccc1*,Clc1ccc(*)cc1,3,-0.15,0.11,-0.09,-0.2
C1CCC(C*)CC1,c1csc(*)c1,3,-0.14,-0.38,-0.33,0.05
C1CCC(C*)CC1,c1ccc(*)cc1,3,-0.32,-0.43,-0.53,-0.1
C1CCC(C*)CC1,C1CCC(*)C1,3,0.33,-0.36,0.15,0.52
C1CCC(C*)CC1,C1CCC(C*)C1,3,-0.07,-0.44,-0.29,0.15
C1CCCC(*)CC1,C1CCC(*)CC1,3,0.08,-0.02,0.07,0.09
C1CCC(C*)CC1,CC1(C)CCC(C*)C1,3,-0.22,-0.34,-0.39,-0.05
c1ccc(*)cc1,C1CCC(C*)CC1,3,0.32,0.43,0.53,0.1
C1CCC(C*)CC1,CC1(C)CC(*)C1,3,0.49,-0.01,0.49,0.5
c1ccc(*)cc1,c1ccc(C2CCC(*)CC2)cc1,3,-0.2,0.67,0.13,-0.54
C1CCC(C*)C1,c1ccc(*)cc1,3,-0.28,-0.15,-0.36,-0.21
C1CCC(C*)C1,C1CCC(*)C1,3,0.3,-0.05,0.27,0.33
C1CCC(C*)C1,C1CCC(C*)CC1,3,0.07,0.44,0.29,-0.15
COc1ccc(*)cc1,c1csc(*)c1,3,-0.17,-0.2,-0.27,-0.08
CC1(*)CCCCC1,C1CCC(*)C1,3,-0.36,0.39,-0.17,-0.56
C=C*,c1ccc(*)cc1,3,-1.26,-0.53,-1.53,-1.0
OC(C1CCCCC1)*,OC(CC1CCCC1)*,3,-0.5,0.08,-0.46,-0.54
CC1CCCC(*)C1,C1CCC(*)CC1,3,0.11,0.12,0.17,0.05
Cc1ccc(*)cc1,c1ccc(*)cc1,3,0.35,0.1,0.4,0.3
OC(CC1CCCCC1)*,O[C@H](C1CCCCC1)*,3,0.54,-0.35,0.36,0.71
c1cc(*)cs1,Fc1cccc(*)c1,3,-0.08,-0.01,-0.09,-0.08
c1ccc(*)cc1,Clc1ccc(*)cc1,3,0.37,-0.04,0.35,0.4
OC(CC1CCCCC1)*,OC(C1CCCC1)*,3,0.33,-0.36,0.15,0.52
OC(CC1CCCCC1)*,OC(CC1CCCC1)*,3,-0.07,-0.44,-0.29,0.15
Fc1cccc(*)c1,Fc1ccccc1*,3,0.03,-0.15,-0.05,0.1
CC1CCCC(*)C1,CC1(C)CCC(*)C1,3,-0.08,-0.16,-0.16,-0.01
c1ccc(*)cc1,Cc1cccc(*)c1,3,0.08,-0.76,-0.3,0.46
Fc1cccc(*)c1,c1cc(*)cs1,3,0.08,0.01,0.09,0.08
CC1CCCC(*)C1,CC1(C)CCC(*)CC1,3,-0.25,-0.19,-0.35,-0.16
Fc1cccc(*)c1,c1ccc(C*)cc1,3,-0.81,-0.36,-0.99,-0.64
c1ccc(*)cc1,C=C*,3,1.26,0.53,1.53,1.0
c1ccc(C2CCC(*)CC2)cc1,c1ccc(*)cc1,3,0.2,-0.67,-0.13,0.54
CC1(C)CC(*)C1,CC1(C)CCC(*)C1,3,-0.41,-0.57,-0.69,-0.12
Clc1cccc(*)c1,Cc1cccc(*)c1,3,0.0,-0.84,-0.42,0.42
c1ccc(*)cc1,Cc1ccc(*)cc1,3,-0.35,-0.1,-0.4,-0.3
OC(CC1CCCC1)*,OC(CC1CCCCC1)*,3,0.07,0.44,0.29,-0.15
OC(CC1CCCC1)*,OC(C1CCCC1)*,3,0.3,-0.05,0.27,0.33
OC(CC1CCCC1)*,OC(C1CCCCC1)*,3,0.5,-0.08,0.46,0.54
OC(CC1CCCC1)*,OC(c1ccccc1)*,3,-0.28,-0.15,-0.36,-0.21
CC1(C)CC(*)C1,C1CCC(C*)CC1,3,-0.49,0.01,-0.49,-0.5
CC1CCCC(*)C1,C1CCC(*)C1,3,0.1,0.06,0.14,0.07
c1ccc(*)cc1,c1cc(*)cs1,3,0.03,0.08,0.07,-0.0
Fc1ccccc1*,c1cc(*)cs1,3,0.06,0.16,0.14,-0.02
c1ccc(*)cc1,FC1(F)CC(*)C1,3,-0.25,0.28,-0.11,-0.39
FC(F)(F)c1ccc(*)cc1,COc1ccc(*)cc1,3,0.81,0.18,0.91,0.72
Clc1cccc(*)c1,Clc1ccc(*)cc1,3,0.2,0.03,0.21,0.18
c1cc(*)cs1,c1ccc(*)cc1,3,-0.03,-0.08,-0.07,0.0
OC(CC1CCCCC1)*,OC(c1cccs1)*,3,-0.14,-0.38,-0.33,0.05
OC(C1CCCC1)*,OC(c1cccs1)*,3,-0.54,-0.02,-0.55,-0.54
CC1(C)CC(*)C1,C1CCC(*)C1,3,-0.35,-0.64,-0.67,-0.03
C*,CC(=O)OC*,3,0.25,0.3,0.4,0.1
OC*,CC(=O)OC*,3,-0.07,0.06,-0.04,-0.1
CCC*,CC(C)(C)*,3,-0.77,-0.33,-0.93,-0.6
CC(=O)OC*,C*,3,-0.25,-0.3,-0.4,-0.1
CC(=O)OC*,OC*,3,0.07,-0.06,0.04,0.1
O*,F*,3,0.89,-0.03,0.88,0.91
CC1(*)CCCCC1,C1CCC(*)CC1,3,-0.07,0.2,0.03,-0.18
F*,O*,3,-0.89,0.03,-0.88,-0.91
CCC*,C1CCC(*)C1,3,-0.24,-0.68,-0.58,0.1
c1cc(*)cs1,C1CC1*,3,0.25,0.99,0.75,-0.24
OC(C1CCCC1)*,OC(C1CCCCC1)*,3,0.11,-0.03,0.09,0.12
OC(C1CCCC1)*,OC(CC1CCCCC1)*,3,-0.33,0.36,-0.15,-0.52
Fc1ccccc1*,Fc1cccc(*)c1,3,-0.03,0.15,0.05,-0.1
c1cc(*)cs1,Fc1ccccc1*,3,-0.06,-0.16,-0.14,0.02
CC1(C)CC(*)C1,CC1(*)CCCCC1,3,0.08,-0.62,-0.23,0.38
OC(C1CCCC1)*,OC(CC1CCCC1)*,3,-0.3,0.05,-0.27,-0.33
CC*,c1ccc(C*)cc1,3,-1.28,-0.53,-1.54,-1.02
C1CCC(*)CC1,C1CCCC(*)CC1,3,-0.08,0.02,-0.07,-0.09
c1ccc(C2CCCC2*)cc1,c1ccc(C2CCC(*)CC2)cc1,2,0.21,0.01,0.21,0.2
Fc1ccc(*)cc1,Cc1ccccc1*,2,-0.16,-0.72,-0.52,0.2
c1ccc(C2CCCC2*)cc1,C1CCCC(*)CC1,2,1.03,0.02,1.04,1.02
Fc1ccc(*)cc1,c1csc(*)c1,2,0.03,0.08,0.07,-0.01
c1ccc(C2CCCC2*)cc1,Cc1ccccc1*,2,0.01,-1.11,-0.54,0.56
FC(F)(F)c1ccc(*)cc1,c1csc(*)c1,2,0.37,-0.35,0.2,0.54
FC(F)(F)c1cccc(*)c1,Fc1ccc(*)cc1,2,0.42,0.64,0.75,0.1
C1CCC(*)CC1,Cc1ccccc1*,2,-1.03,-1.12,-1.58,-0.47
C1CCC(*)CC1,COC1CCCC(*)C1,2,-0.6,0.09,-0.56,-0.65
c1ccc(C2CCCC2*)cc1,C1CC(*)C1,2,0.76,0.04,0.78,0.75
c1ccc(C2CCCC2*)cc1,COC1CCCC(*)C1,2,0.43,0.1,0.48,0.38
Fc1ccc(*)cc1,Fc1ccccc1*,2,-0.09,-0.08,-0.13,-0.05
FC(F)(F)c1ccc(*)cc1,c1ccc(*)cc1,2,0.57,0.23,0.69,0.46
c1ccc(C2CCCC2*)cc1,C1CC(C2CCC(*)CC2)C1,2,0.1,-0.35,-0.07,0.28
Fc1ccc(*)cc1,FC(F)(F)c1cccc(*)c1,2,-0.42,-0.64,-0.75,-0.1
c1ccc(C2CCCC2*)cc1,C1CCC2CC(*)CCC2C1,2,0.2,-0.6,-0.1,0.5
C1CCC(*)CC1,C1CCCC(C*)CC1,2,-0.35,0.01,-0.34,-0.35
c1ccc(C2CCCC2*)cc1,FC(F)(F)C1CCCC(*)C1,2,0.53,-0.28,0.4,0.67
C1CCC(*)CC1,c1ccc(C*)cc1,2,-0.93,-0.4,-1.13,-0.73
Clc1ccc(*)cc1,COc1ccccc1*,2,-0.65,0.14,-0.58,-0.72
Clc1ccc(*)cc1,FC(F)(F)c1ccc(*)cc1,2,-0.24,0.04,-0.22,-0.27
Fc1ccc(*)cc1,Cc1ccc(*)cc1,2,0.08,-0.17,-0.0,0.17
Clc1ccc(*)cc1,Clc1ccccc1*,2,-0.56,-0.38,-0.75,-0.37
c1ccc(C2CCCC2*)cc1,C1CCC(*)CC1,2,1.04,0.01,1.04,1.03
c1ccc(C2CCCC2*)cc1,C1CCC(*)C1,2,1.04,0.06,1.07,1.01
c1ccc(C2CCCC2*)cc1,FC(F)(F)C1CCC(*)CC1,2,0.68,-0.34,0.51,0.84
Clc1ccc(*)cc1,c1cc(*)cs1,2,0.09,-0.01,0.08,0.09
C1CCC(*)CC1,CC1CCCC1*,2,0.12,-0.84,-0.3,0.55
c1ccc(C2CCCC2*)cc1,c1ccc(*)cc1,2,0.47,-0.42,0.26,0.68
C1CCC(*)CC1,CC1CCC(*)C1,2,-0.11,0.08,-0.07,-0.15
C1CCCC(*)CC1,COC1CCCC(*)C1,2,-0.6,0.08,-0.55,-0.64
C1CCC(*)CC1,FC(F)(F)C1CCCC(*)C1,2,-0.5,-0.29,-0.65,-0.36
C1CCCC(*)CC1,CCC1CCC(*)CC1,2,-0.44,-0.07,-0.47,-0.41
C1CCCC(*)CC1,CC1CCCC(*)C1,2,-0.02,0.0,-0.01,-0.02
C1CCCC(*)CC1,CC1CCC(*)CC1,2,-0.12,-0.11,-0.18,-0.07
C1CCC(*)CC1,c1ccc(C2CCCC2*)cc1,2,-1.04,-0.01,-1.04,-1.03
C1CCCC(*)CC1,CC1(C)CCCC(*)C1,2,-0.22,-0.55,-0.5,0.06
C1CCC(*)CC1,CC(C)(C)C1CCC(*)CC1,2,-1.25,-0.65,-1.58,-0.93
C1CCC(*)CC1,CC(C)C1CCC(*)CC1,2,-0.9,-0.4,-1.09,-0.7
C1CCC(*)CC1,C1CCC2CC(*)CCC2C1,2,-0.84,-0.61,-1.14,-0.53
C1CCC(*)CC1,CC1(C)CCCC(*)C1,2,-0.23,-0.54,-0.5,0.04
C1CCC(*)CC1,CC(C1CCCCC1)*,2,-0.54,-0.42,-0.75,-0.33
C1CCCC(*)CC1,CC1(C)CCC(*)CC1,2,-0.24,-0.26,-0.37,-0.11
C1CCCC(*)CC1,CC1(*)CCCCC1,2,0.21,-0.51,-0.05,0.46
C1CCC(*)CC1,CC1(C)CCC(C*)C1,2,-0.68,-0.13,-0.74,-0.61
C1CCCC(*)CC1,CC(C1CCCCC1)*,2,-0.53,-0.43,-0.75,-0.31
C1CCCC(*)CC1,CC(C)C1CCC(*)CC1,2,-0.89,-0.41,-1.09,-0.68
C1CCCC(*)CC1,CC(C)(C)C1CCC(*)CC1,2,-1.24,-0.66,-1.57,-0.91
C1CCCC(*)CC1,Cc1ccccc1*,2,-1.02,-1.13,-1.58,-0.46
C1CCC(*)CC1,C1CC(*)C1,2,-0.27,0.03,-0.26,-0.29
FC(F)(F)c1ccc(*)cc1,Clc1ccc(*)cc1,2,0.24,-0.04,0.22,0.27
C1CCCC(*)CC1,FC(F)(F)C1CCCC(*)C1,2,-0.49,-0.3,-0.64,-0.35
C1CCC(*)CC1,FC(F)(F)C1CCC(*)CC1,2,-0.36,-0.35,-0.54,-0.19
C1CCCC(*)CC1,OC1CCC(*)CC1,2,-0.49,0.24,-0.37,-0.61
C1CCCC(*)CC1,c1csc(*)c1,2,-0.52,-0.06,-0.55,-0.49
C1CCCC(*)CC1,c1ccc(*)cc1,2,-0.56,-0.44,-0.78,-0.34
C1CCC(*)CC1,CCC1CCC(*)CC1,2,-0.45,-0.06,-0.48,-0.42
C1CCCC(*)CC1,c1ccc(C2CCCC2*)cc1,2,-1.03,-0.02,-1.04,-1.02
C1CCC(*)CC1,C1CC(C2CCC(*)CC2)C1,2,-0.94,-0.36,-1.12,-0.76
C1CCC(*)CC1,CC1CCCCC1C*,2,-0.52,-0.22,-0.63,-0.42
C1CCC(*)CC1,OC1CCC(*)CC1,2,-0.5,0.25,-0.37,-0.62
C1CCCC(*)CC1,C1CCC(C*)CC1,2,-0.24,0.31,-0.08,-0.39
C1CCCC(*)CC1,C1CCC2CC(*)CCC2C1,2,-0.83,-0.62,-1.14,-0.52
C1CCCC(*)CC1,C1CC(*)C1,2,-0.27,0.02,-0.26,-0.27
c1ccc(C2CCCC2*)cc1,OC1CCC(*)CC1,2,0.54,0.26,0.67,0.41
C1CCCC(*)CC1,c1ccc(C2CCC(*)CC2)cc1,2,-0.82,-0.01,-0.83,-0.81
C1CCCC(*)CC1,C1CC(C2CCC(*)CC2)C1,2,-0.93,-0.37,-1.11,-0.74
C1CCCC(*)CC1,FC(F)(F)C1CCC(*)CC1,2,-0.35,-0.36,-0.53,-0.17
C1CCC(*)CC1,CC1CCCC(C*)C1,2,-0.53,0.02,-0.52,-0.54
C1CCC(*)CC1,c1ccc(C2CCC(*)CC2)cc1,2,-0.83,-0.0,-0.83,-0.83
C1CC[C@@H](CN*)NC1,C1CC[C@H](CN*)NC1,2,0.39,-0.99,-0.1,0.89
FC(F)(F)C1CCCC(*)C1,CC(C1CCCCC1)*,2,-0.04,-0.14,-0.11,0.03
c1ccc(C2CCCC2*)cc1,CCC1CCC(*)CC1,2,0.59,-0.05,0.56,0.61
C1CC(C2CCC(*)CC2)C1,CC1(C)CCC(*)C1,2,0.92,0.06,0.94,0.89
C1CC(C2CCC(*)CC2)C1,C1CC(*)C1,2,0.66,0.38,0.85,0.47
C1CC(C2CCC(*)CC2)C1,c1ccc(C2CCC(*)CC2)cc1,2,0.11,0.36,0.29,-0.07
C1CC(C2CCC(*)CC2)C1,FC(F)(F)C1CCC(*)CC1,2,0.57,0.01,0.58,0.57
C1CC(C2CCC(*)CC2)C1,Cc1ccccc1*,2,-0.09,-0.76,-0.47,0.29
C1CC(C2CCC(*)CC2)C1,COC1CCCC(*)C1,2,0.33,0.45,0.56,0.11
C1CC(C2CCC(*)CC2)C1,CCC1CCC(*)CC1,2,0.49,0.3,0.64,0.34
C1CC(C2CCC(*)CC2)C1,CC1CCCC(*)C1,2,0.91,0.37,1.1,0.73
C1CC(C2CCC(*)CC2)C1,CC1CCC(*)CC1,2,0.8,0.25,0.93,0.68
C1CC(C2CCC(*)CC2)C1,CC1(C)CCCC(*)C1,2,0.71,-0.19,0.61,0.8
C1CC(C2CCC(*)CC2)C1,CC1(C)CCC(*)CC1,2,0.69,0.11,0.74,0.63
C1CC(C2CCC(*)CC2)C1,CC1(*)CCCCC1,2,1.14,-0.14,1.06,1.21
FC(F)(F)C1CCC(*)CC1,C1CC(*)C1,2,0.09,0.37,0.27,-0.1
C1CC(C2CCC(*)CC2)C1,CC(C1CCCCC1)*,2,0.4,-0.07,0.36,0.43
C1CC(C2CCC(*)CC2)C1,CC(C)C1CCC(*)CC1,2,0.04,-0.04,0.02,0.06
C1CC(C2CCC(*)CC2)C1,CC(C)(C)C1CCC(*)CC1,2,-0.32,-0.29,-0.46,-0.17
FC(F)(F)C1CCC(*)CC1,OC1CCC(*)CC1,2,-0.14,0.6,0.16,-0.44
FC(F)(F)C1CCC(*)CC1,c1ccc(*)cc1,2,-0.21,-0.08,-0.25,-0.17
FC(F)(F)C1CCC(*)CC1,C1CCCC(*)CC1,2,0.35,0.36,0.53,0.17
FC(F)(F)C1CCC(*)CC1,C1CCC(*)CC1,2,0.36,0.35,0.54,0.19
FC(F)(F)C1CCC(*)CC1,c1ccc(C2CCCC2*)cc1,2,-0.68,0.34,-0.51,-0.84
FC(F)(F)C1CCC(*)CC1,C1CCC(*)C1,2,0.37,0.4,0.57,0.17
FC(F)(F)C1CCC(*)CC1,FC(F)(F)C1CCCC(*)C1,2,-0.14,0.06,-0.11,-0.17
C1CC(C2CCC(*)CC2)C1,C1CCC2CC(*)CCC2C1,2,0.1,-0.25,-0.03,0.23
C1CC(C2CCC(*)CC2)C1,FC(F)(F)C1CCCC(*)C1,2,0.43,0.07,0.47,0.4
C1CC(C2CCC(*)CC2)C1,C1CCC(*)C1,2,0.94,0.41,1.15,0.74
C1CC(C2CCC(*)CC2)C1,c1ccc(C2CCCC2*)cc1,2,-0.1,0.35,0.07,-0.28
c1ccc(C2CCC(*)CC2)cc1,C1CC(*)C1,2,0.55,0.03,0.57,0.54
c1ccc(C2CCC(*)CC2)cc1,C1CC(C2CCC(*)CC2)C1,2,-0.11,-0.36,-0.29,0.07
c1ccc(C2CCC(*)CC2)cc1,FC(F)(F)C1CCC(*)CC1,2,0.47,-0.35,0.29,0.64
c1ccc(C2CCC(*)CC2)cc1,C1CCC(C*)CC1,2,0.44,-0.79,0.04,0.83
c1ccc(C2CCC(*)CC2)cc1,Cc1ccccc1*,2,-0.2,-1.11,-0.76,0.36
c1ccc(C2CCC(*)CC2)cc1,COC1CCCC(*)C1,2,0.22,0.09,0.27,0.18
c1ccc(C2CCC(*)CC2)cc1,CCC1CCC(*)CC1,2,0.38,-0.06,0.35,0.41
c1ccc(C2CCC(*)CC2)cc1,CC1CCCC(*)C1,2,0.8,0.01,0.81,0.8
c1ccc(C2CCC(*)CC2)cc1,CC1CCC(*)CC1,2,0.7,-0.1,0.64,0.75
c1ccc(C2CCC(*)CC2)cc1,CC1(C)CCCC(*)C1,2,0.6,-0.54,0.33,0.87
c1ccc(C2CCC(*)CC2)cc1,CC1(C)CCC(C*)C1,2,0.37,-1.18,-0.22,0.96
c1ccc(C2CCC(*)CC2)cc1,CC1(C)CCC(*)CC1,2,0.58,-0.25,0.46,0.7
c1ccc(C2CCC(*)CC2)cc1,CC1(C)CCC(*)C1,2,0.81,-0.3,0.66,0.96
c1ccc(C2CCC(*)CC2)cc1,CC1(*)CCCCC1,2,1.03,-0.5,0.78,1.28
c1ccc(C2CCC(*)CC2)cc1,CC(C1CCCCC1)*,2,0.29,-0.42,0.08,0.5
c1ccc(C2CCC(*)CC2)cc1,CC(C)C1CCC(*)CC1,2,-0.07,-0.4,-0.26,0.13
c1ccc(C2CCC(*)CC2)cc1,CC(C)(C)C1CCC(*)CC1,2,-0.42,-0.65,-0.75,-0.1
C1CC(C2CCC(*)CC2)C1,OC1CCC(*)CC1,2,0.44,0.61,0.74,0.13
C1CC(C2CCC(*)CC2)C1,c1ccc(*)cc1,2,0.37,-0.07,0.33,0.4
C1CC(C2CCC(*)CC2)C1,C1CCCC(*)CC1,2,0.93,0.37,1.11,0.74
C1CC(C2CCC(*)CC2)C1,C1CCC(*)CC1,2,0.94,0.36,1.12,0.76
FC(F)(F)C1CCC(*)CC1,C1CCC2CC(*)CCC2C1,2,-0.47,-0.26,-0.6,-0.34
FC(F)(F)C1CCC(*)CC1,c1ccc(C2CCC(*)CC2)cc1,2,-0.47,0.35,-0.29,-0.64
c1ccc(C2CCC(*)CC2)cc1,FC(F)(F)C1CCCC(*)C1,2,0.33,-0.29,0.18,0.47
Cc1ccccc1*,OC1CCC(*)CC1,2,0.53,1.37,1.21,-0.15
C1CCC(C*)CC1,CC1(*)CCCCC1,2,0.42,-0.55,0.15,0.7
C1CCC(C*)C1,c1csc(*)c1,2,-0.42,-0.07,-0.45,-0.38
C1CCC(C*)C1,C1CCCC(C*)CC1,2,-0.02,0.03,-0.01,-0.04
C1CCC(C*)C1,CC1CCCCC1C*,2,-0.13,-0.2,-0.23,-0.03
C1CCC(C*)C1,CC1CCCC1*,2,0.52,-0.83,0.1,0.93
C1CCC(C*)C1,CC1CCCC(C*)C1,2,-0.13,0.04,-0.11,-0.15
C1CCC(C*)C1,CC1CCC(*)CC1,2,0.1,0.09,0.14,0.05
C1CCC(C*)C1,CC1CCC(*)C1,2,0.29,0.1,0.34,0.24
C1CCC(C*)C1,CC1(C)CCC(C*)C1,2,-0.28,-0.11,-0.34,-0.23
C1CCC(C*)C1,CC1(C)CCC(*)CC1,2,0.05,0.15,0.12,-0.02
Cc1ccccc1*,Clc1cccc(*)c1,2,0.33,0.62,0.64,0.02
FC(F)(F)C1CCC(*)CC1,C1CC(C2CCC(*)CC2)C1,2,-0.57,-0.01,-0.58,-0.57
Cc1ccccc1*,Fc1ccc(*)cc1,2,0.16,0.72,0.52,-0.2
Cc1ccccc1*,C1CCCC(*)CC1,2,1.02,1.13,1.58,0.46
Cc1ccccc1*,C1CCC(*)CC1,2,1.03,1.12,1.58,0.47
Cc1ccccc1*,c1ccc(C2CCCC2*)cc1,2,-0.01,1.11,0.54,-0.56
Cc1ccccc1*,C1CCC(*)C1,2,1.03,1.17,1.62,0.45
Cc1ccccc1*,FC(F)(F)C1CCCC(*)C1,2,0.52,0.83,0.94,0.11
Cc1ccccc1*,C1CCC2CC(*)CCC2C1,2,0.19,0.51,0.44,-0.06
Cc1ccccc1*,C1CC(*)C1,2,0.75,1.14,1.32,0.18
Cc1ccccc1*,c1ccc(C2CCC(*)CC2)cc1,2,0.2,1.11,0.76,-0.36
Cc1ccccc1*,C1CC(C2CCC(*)CC2)C1,2,0.09,0.76,0.47,-0.29
C1CCC(C*)CC1,CC1(C)CCC(*)C1,2,0.25,-0.34,0.08,0.42
C1CCC(C*)CC1,CC1(C)CCC(*)CC1,2,0.07,-0.11,0.01,0.12
C1CCC(C*)CC1,CC1CCC(*)C1,2,0.3,-0.16,0.22,0.38
C1CCC(C*)CC1,CC1CCC(*)CC1,2,0.11,-0.16,0.03,0.2
FC(F)(F)C1CCC(*)CC1,Cc1ccccc1*,2,-0.66,-0.77,-1.05,-0.28
FC(F)(F)C1CCC(*)CC1,COC1CCCC(*)C1,2,-0.24,0.44,-0.02,-0.46
FC(F)(F)C1CCC(*)CC1,CCC1CCC(*)CC1,2,-0.09,0.29,0.06,-0.23
FC(F)(F)C1CCC(*)CC1,CC1CCCC(*)C1,2,0.34,0.36,0.52,0.16
FC(F)(F)C1CCC(*)CC1,CC1CCC(*)CC1,2,0.23,0.24,0.35,0.11
FC(F)(F)C1CCC(*)CC1,CC1(C)CCCC(*)C1,2,0.13,-0.2,0.03,0.23
FC(F)(F)C1CCC(*)CC1,CC1(C)CCC(*)CC1,2,0.11,0.1,0.16,0.06
FC(F)(F)C1CCC(*)CC1,CC1(C)CCC(*)C1,2,0.34,0.05,0.37,0.32
FC(F)(F)C1CCC(*)CC1,CC1(*)CCCCC1,2,0.56,-0.15,0.48,0.64
FC(F)(F)C1CCC(*)CC1,CC(C1CCCCC1)*,2,-0.18,-0.08,-0.22,-0.14
FC(F)(F)C1CCC(*)CC1,CC(C)C1CCC(*)CC1,2,-0.53,-0.05,-0.56,-0.51
FC(F)(F)C1CCC(*)CC1,CC(C)(C)C1CCC(*)CC1,2,-0.89,-0.3,-1.04,-0.74
c1ccc(C*)cc1,C1CCC(*)CC1,2,0.93,0.4,1.13,0.73
C1CCCC(C*)CC1,C1CCC(*)CC1,2,0.35,-0.01,0.34,0.35
C1CCCC(C*)CC1,C1CCC(C*)C1,2,0.02,-0.03,0.01,0.04
C1CCCC(C*)CC1,CC1(C)CC(*)C1,2,0.43,0.45,0.65,0.2
C1CCC(C*)CC1,C1CCCC(*)CC1,2,0.24,-0.31,0.08,0.39
C1CCC(C*)CC1,c1ccc(C2CCC(*)CC2)cc1,2,-0.44,0.79,-0.04,-0.83
C1CCC(C*)CC1,CC1CCCCC1C*,2,-0.11,-0.46,-0.34,0.11
C1CCC(C*)CC1,CC1CCCC1*,2,0.53,-1.08,-0.01,1.07
C1CCC(C*)CC1,CC1CCCC(C*)C1,2,-0.12,-0.22,-0.23,-0.01
c1ccc(C2CCC(*)CC2)cc1,C1CCC2CC(*)CCC2C1,2,-0.01,-0.61,-0.31,0.3
c1ccc(C2CCC(*)CC2)cc1,C1CCC(*)C1,2,0.83,0.05,0.86,0.81
c1ccc(C2CCCC2*)cc1,CC1CCCC(*)C1,2,1.01,0.02,1.02,1.0
FC(F)(F)C1CCCC(*)C1,C1CC(*)C1,2,0.23,0.31,0.38,0.07
C1CCC(*)C1,CC(C1CCCCC1)*,2,-0.55,-0.48,-0.78,-0.31
C1CCC(*)C1,CC(C)C1CCC(*)CC1,2,-0.9,-0.45,-1.13,-0.67
C1CCC(*)C1,CC(C)(C)C1CCC(*)CC1,2,-1.26,-0.71,-1.61,-0.91
FC(F)(F)C1CCCC(*)C1,OC1CCC(*)CC1,2,0.0,0.54,0.27,-0.26
FC(F)(F)C1CCCC(*)C1,c1ccc(*)cc1,2,-0.07,-0.14,-0.14,0.0
FC(F)(F)C1CCCC(*)C1,C1CCCC(*)CC1,2,0.49,0.3,0.64,0.35
FC(F)(F)C1CCCC(*)C1,C1CCC(*)CC1,2,0.5,0.29,0.65,0.36
FC(F)(F)C1CCCC(*)C1,c1ccc(C2CCCC2*)cc1,2,-0.53,0.28,-0.4,-0.67
FC(F)(F)C1CCCC(*)C1,C1CCC(*)C1,2,0.51,0.34,0.68,0.34
FC(F)(F)C1CCCC(*)C1,C1CCC2CC(*)CCC2C1,2,-0.33,-0.32,-0.49,-0.17
FC(F)(F)C1CCCC(*)C1,c1ccc(C2CCC(*)CC2)cc1,2,-0.33,0.29,-0.18,-0.47
Clc1cccc(*)c1,Cc1ccccc1*,2,-0.33,-0.62,-0.64,-0.02
FC(F)(F)C1CCCC(*)C1,C1CC(C2CCC(*)CC2)C1,2,-0.43,-0.07,-0.47,-0.4
FC(F)(F)C1CCCC(*)C1,FC(F)(F)C1CCC(*)CC1,2,0.14,-0.06,0.11,0.17
FC(F)(F)C1CCCC(*)C1,Cc1ccccc1*,2,-0.52,-0.83,-0.94,-0.11
FC(F)(F)C1CCCC(*)C1,COC1CCCC(*)C1,2,-0.1,0.38,0.09,-0.29
FC(F)(F)C1CCCC(*)C1,CCC1CCC(*)CC1,2,0.05,0.23,0.17,-0.06
FC(F)(F)C1CCCC(*)C1,CC1CCCC(*)C1,2,0.48,0.3,0.63,0.33
FC(F)(F)C1CCCC(*)C1,CC1CCC(*)CC1,2,0.37,0.18,0.46,0.28
FC(F)(F)C1CCCC(*)C1,CC1(C)CCCC(*)C1,2,0.27,-0.26,0.14,0.4
FC(F)(F)C1CCCC(*)C1,CC1(C)CCC(*)CC1,2,0.25,0.04,0.27,0.23
FC(F)(F)C1CCCC(*)C1,CC1(C)CCC(*)C1,2,0.48,-0.01,0.48,0.49
C1CCC(*)C1,CC1(C)CCC(C*)C1,2,-0.59,-0.2,-0.69,-0.49
C1CCC(*)C1,CC1(C)CCCC(*)C1,2,-0.24,-0.6,-0.53,0.06
C1CCC(*)C1,CC1CCC(*)C1,2,-0.02,0.01,-0.02,-0.03
C1CCC(*)C1,CC1CCCC(C*)C1,2,-0.45,-0.05,-0.47,-0.42
c1ccc(C2CCCC2*)cc1,CC1CCC(*)CC1,2,0.9,-0.1,0.86,0.95
c1ccc(C2CCCC2*)cc1,CC1(C)CCCC(*)C1,2,0.81,-0.53,0.54,1.07
c1ccc(C2CCCC2*)cc1,CC1(C)CCC(*)CC1,2,0.79,-0.24,0.67,0.91
c1ccc(C2CCCC2*)cc1,CC1(C)CCC(*)C1,2,1.02,-0.29,0.87,1.16
c1ccc(C2CCCC2*)cc1,CC1(*)CCCCC1,2,1.24,-0.49,0.99,1.48
c1ccc(C2CCCC2*)cc1,CC(C1CCCCC1)*,2,0.5,-0.41,0.29,0.7
c1ccc(C2CCCC2*)cc1,CC(C)C1CCC(*)CC1,2,0.14,-0.39,-0.05,0.34
c1ccc(C2CCCC2*)cc1,CC(C)(C)C1CCC(*)CC1,2,-0.22,-0.64,-0.54,0.11
C1CCC(*)C1,OC1CCC(*)CC1,2,-0.5,0.2,-0.4,-0.6
C1CCC(*)C1,c1ccc(C2CCCC2*)cc1,2,-1.04,-0.06,-1.07,-1.01
C1CCC(*)C1,FC(F)(F)C1CCCC(*)C1,2,-0.51,-0.34,-0.68,-0.34
C1CCC(*)C1,C1CCC2CC(*)CCC2C1,2,-0.84,-0.66,-1.17,-0.51
C1CCC(*)C1,c1ccc(C2CCC(*)CC2)cc1,2,-0.83,-0.05,-0.86,-0.81
C1CCC(*)C1,C1CC(C2CCC(*)CC2)C1,2,-0.94,-0.41,-1.15,-0.74
C1CCC(*)C1,FC(F)(F)C1CCC(*)CC1,2,-0.37,-0.4,-0.57,-0.17
C1CCC(*)C1,Cc1ccccc1*,2,-1.03,-1.17,-1.62,-0.45
C1CCC(*)C1,COc1cccc(*)c1,2,-1.13,-0.31,-1.28,-0.97
C1CCC(*)C1,COC1CCCC(*)C1,2,-0.61,0.04,-0.59,-0.63
C1CCC(*)C1,CCC1CCC(*)CC1,2,-0.45,-0.11,-0.51,-0.4
C1CCC(*)C1,CC1CCCCC1C*,2,-0.44,-0.29,-0.58,-0.3
C1CCC(*)C1,CC1CCCC1*,2,0.21,-0.91,-0.25,0.66
FC(F)(F)C1CCCC(*)C1,CC1(*)CCCCC1,2,0.7,-0.22,0.59,0.81
FC(F)(F)C1CCCC(*)C1,CC(C)C1CCC(*)CC1,2,-0.39,-0.11,-0.45,-0.34
c1ccc(C2CCC(*)CC2)cc1,c1ccc(C2CCCC2*)cc1,2,-0.21,-0.01,-0.21,-0.2
C1CC(*)C1,CC1CCCC(*)C1,2,0.25,-0.01,0.24,0.25
C1CC(*)C1,C1CCC(*)CC1,2,0.27,-0.03,0.26,0.29
C1CC(*)C1,c1ccc(C2CCCC2*)cc1,2,-0.76,-0.04,-0.78,-0.75
C1CC(*)C1,FC(F)(F)C1CCCC(*)C1,2,-0.23,-0.31,-0.38,-0.07
C1CC(*)C1,C1CCC2CC(*)CCC2C1,2,-0.56,-0.64,-0.88,-0.24
C1CC(*)C1,c1ccc(C2CCC(*)CC2)cc1,2,-0.55,-0.03,-0.57,-0.54
C1CC(*)C1,C1CC(C2CCC(*)CC2)C1,2,-0.66,-0.38,-0.85,-0.47
C1CC(*)C1,FC(F)(F)C1CCC(*)CC1,2,-0.09,-0.37,-0.27,0.1
C1CC(*)C1,Cc1ccccc1*,2,-0.75,-1.14,-1.32,-0.18
C1CC(*)C1,COC1CCCC(*)C1,2,-0.33,0.07,-0.3,-0.36
C1CC(*)C1,CCC1CCC(*)CC1,2,-0.18,-0.08,-0.22,-0.13
C1CC(*)C1,CC1CCC(*)CC1,2,0.14,-0.13,0.08,0.21
FC(F)(F)C1CCCC(*)C1,CC(C)(C)C1CCC(*)CC1,2,-0.75,-0.37,-0.93,-0.57
C1CC(*)C1,CC1(C)CCCC(*)C1,2,0.04,-0.57,-0.24,0.33
C1CC(*)C1,CC1(C)CCC(*)CC1,2,0.02,-0.27,-0.11,0.16
C1CC(*)C1,CC1(C)CCC(*)C1,2,0.25,-0.33,0.09,0.42
C1CC(*)C1,CC1(*)CCCCC1,2,0.47,-0.53,0.21,0.74
C1CC(*)C1,CC(C1CCCCC1)*,2,-0.27,-0.45,-0.49,-0.04
C1CC(*)C1,CC(C)C1CCC(*)CC1,2,-0.62,-0.42,-0.83,-0.41
C1CC(*)C1,CC(C)(C)C1CCC(*)CC1,2,-0.98,-0.68,-1.32,-0.64
c1ccc(C2CCC(*)CC2)cc1,OC1CCC(*)CC1,2,0.33,0.25,0.46,0.2
c1ccc(C2CCC(*)CC2)cc1,C1CCCC(*)CC1,2,0.82,0.01,0.83,0.81
c1ccc(C2CCC(*)CC2)cc1,C1CCC(*)CC1,2,0.83,0.0,0.83,0.83
C1CC(*)C1,C1CCCC(*)CC1,2,0.27,-0.02,0.26,0.27
C1CC(*)C1,OC1CCC(*)CC1,2,-0.22,0.23,-0.11,-0.34
C1CCC2CC(*)CCC2C1,CC(C)(C)C1CCC(*)CC1,2,-0.42,-0.04,-0.44,-0.4
C1CCC2CC(*)CCC2C1,CC(C)C1CCC(*)CC1,2,-0.06,0.21,0.05,-0.17
C1CCC2CC(*)CCC2C1,OC1CCC(*)CC1,2,0.34,0.86,0.77,-0.09
C1CCC2CC(*)CCC2C1,c1ccc(*)cc1,2,0.26,0.18,0.36,0.17
C1CCC2CC(*)CCC2C1,C1CCCC(*)CC1,2,0.83,0.62,1.14,0.52
C1CCC2CC(*)CCC2C1,C1CCC(*)CC1,2,0.84,0.61,1.14,0.53
C1CCC2CC(*)CCC2C1,c1ccc(C2CCCC2*)cc1,2,-0.2,0.6,0.1,-0.5
C1CCC2CC(*)CCC2C1,C1CCC(*)C1,2,0.84,0.66,1.17,0.51
C1CCC2CC(*)CCC2C1,FC(F)(F)C1CCCC(*)C1,2,0.33,0.32,0.49,0.17
C1CCC2CC(*)CCC2C1,C1CC(*)C1,2,0.56,0.64,0.88,0.24
C1CCC2CC(*)CCC2C1,c1ccc(C2CCC(*)CC2)cc1,2,0.01,0.61,0.31,-0.3
C1CCC2CC(*)CCC2C1,C1CC(C2CCC(*)CC2)C1,2,-0.1,0.25,0.03,-0.23
C1CCC2CC(*)CCC2C1,FC(F)(F)C1CCC(*)CC1,2,0.47,0.26,0.6,0.34
C1CCC2CC(*)CCC2C1,Cc1ccccc1*,2,-0.19,-0.51,-0.44,0.06
C1CCC2CC(*)CCC2C1,COC1CCCC(*)C1,2,0.23,0.7,0.58,-0.12
C1CCC2CC(*)CCC2C1,CCC1CCC(*)CC1,2,0.39,0.55,0.66,0.11
C1CCC2CC(*)CCC2C1,CC1CCCC(*)C1,2,0.81,0.62,1.12,0.5
C1CCC2CC(*)CCC2C1,CC1CCC(*)CC1,2,0.7,0.51,0.95,0.45
C1CCC2CC(*)CCC2C1,CC1(C)CCCC(*)C1,2,0.61,0.07,0.64,0.57
C1CCC2CC(*)CCC2C1,CC1(C)CCC(*)CC1,2,0.59,0.36,0.77,0.4
C1CCC2CC(*)CCC2C1,CC1(C)CCC(*)C1,2,0.82,0.31,0.97,0.66
C1CCC2CC(*)CCC2C1,CC1(*)CCCCC1,2,1.03,0.11,1.09,0.98
C1CCC2CC(*)CCC2C1,CC(C1CCCCC1)*,2,0.29,0.19,0.39,0.2
Clc1cccc(*)c1,Cc1ccc(*)cc1,2,-0.08,-0.07,-0.12,-0.04
C1CN(*)CCN1,CN(C)*,2,-0.06,0.03,-0.04,-0.07
Fc1cccc(*)c1,COc1ccccc1*,2,-0.99,0.09,-0.95,-1.04
OC(CC1CCCC1)*,CC1CCC(C(O)*)CC1,2,0.1,0.09,0.14,0.05
OC(CC1CCCCC1)*,CC1(C)CCC(CC(O)*)C1,2,-0.27,-0.37,-0.45,-0.08
OC(CC1CCCCC1)*,CC1(C)CCC(C(O)*)CC1,2,0.07,-0.11,0.01,0.12
OC(CC1CCCCC1)*,CC1(C)CCC(C(O)*)C1,2,0.25,-0.34,0.08,0.42
OC(CC1CCCCC1)*,CC1(C)CC(C(O)*)C1,2,0.59,0.29,0.73,0.44
OC(CC1CCCC1)*,O[C@H](C1CCCCC1)*,2,0.65,-0.09,0.61,0.69
OC(CC1CCCC1)*,OC(c1cccs1)*,2,-0.42,-0.07,-0.45,-0.38
OC(CC1CCCC1)*,CC1CCCCC1CC(O)*,2,-0.13,-0.2,-0.23,-0.03
OC(CC1CCCC1)*,CC1CCCC1C(O)*,2,0.52,-0.83,0.1,0.93
OC(CC1CCCC1)*,CC1CCCC(CC(O)*)C1,2,-0.13,0.04,-0.11,-0.15
OC(CC1CCCC1)*,CC1CCC(C(O)*)C1,2,0.29,0.1,0.34,0.24
CC1CCC(C(O)*)CC1,CC1(C)CCC(CC(O)*)CC1,2,-0.57,-0.26,-0.7,-0.44
OC(CC1CCCC1)*,CC1(C)CCC(CC(O)*)CC1,2,-0.47,-0.17,-0.56,-0.39
OC(CC1CCCC1)*,CC1(C)CCC(CC(O)*)C1,2,-0.28,-0.11,-0.34,-0.23
OC(CC1CCCC1)*,CC1(C)CCC(C(O)*)CC1,2,0.05,0.15,0.12,-0.02
OC(CC1CCCC1)*,CC1(C)CCC(C(O)*)C1,2,0.24,-0.09,0.19,0.28
OC(CC1CCCC1)*,CC1(C)CC(C(O)*)C1,2,0.57,0.55,0.85,0.3
CC1CCCCC1CC(O)*,O[C@H](C1CCCCC1)*,2,0.78,0.11,0.84,0.72
CC1CCCCC1CC(O)*,OC(C1CCCCC1)*,2,0.52,0.22,0.63,0.42
CC1CCCCC1CC(O)*,OC(C1CCCC1)*,2,0.44,0.29,0.58,0.3
CC1CCCCC1CC(O)*,OC(CC1CCCCC1)*,2,0.11,0.46,0.34,-0.11
OC(CC1CCCCC1)*,CC1(C)CCC(CC(O)*)CC1,2,-0.45,-0.43,-0.67,-0.24
OC(CC1CCCCC1)*,CC1CCC(C(O)*)C1,2,0.3,-0.16,0.22,0.38
OC(CC1CCCCC1)*,CC1CCC(C(O)*)CC1,2,0.11,-0.16,0.03,0.2
OC(CC1CCCCC1)*,CC1CCCC(CC(O)*)C1,2,-0.12,-0.22,-0.23,-0.01
OC(C1CCCCC1)*,CC1(C)CCC(C(O)*)C1,2,-0.16,-0.1,-0.21,-0.11
OC(C1CCCCC1)*,CC1(C)CC(C(O)*)C1,2,0.18,0.53,0.44,-0.09
OC(C1CCCC1)*,O[C@H](C1CCCCC1)*,2,0.34,-0.17,0.25,0.43
OC(C1CCCC1)*,OC(c1ccccc1)*,2,-0.56,-0.11,-0.61,-0.5
OC(C1CCCC1)*,OC(C1CCCCCC1)*,2,-0.03,-0.04,-0.05,-0.01
OC(C1CCCC1)*,CC1CCCCC1CC(O)*,2,-0.44,-0.29,-0.58,-0.3
OC(C1CCCC1)*,CC1CCCC1C(O)*,2,0.21,-0.91,-0.25,0.66
OC(C1CCCC1)*,CC1CCCC(CC(O)*)C1,2,-0.45,-0.05,-0.47,-0.42
OC(C1CCCC1)*,CC1CCC(C(O)*)CC1,2,-0.21,0.0,-0.21,-0.21
OC(C1CCCC1)*,CC1CCC(C(O)*)C1,2,-0.02,0.01,-0.02,-0.03
OC(C1CCCC1)*,CC1(C)CCC(CC(O)*)CC1,2,-0.78,-0.26,-0.91,-0.65
OC(C1CCCC1)*,CC1(C)CCC(CC(O)*)C1,2,-0.59,-0.2,-0.69,-0.49
OC(C1CCCC1)*,CC1(C)CCC(C(O)*)CC1,2,-0.26,0.06,-0.23,-0.29
OC(C1CCCC1)*,CC1(C)CCC(C(O)*)C1,2,-0.08,-0.17,-0.16,0.01
OC(C1CCCC1)*,CC1(C)CC(C(O)*)C1,2,0.26,0.46,0.49,0.03
OC(CC1CCCCC1)*,OC(c1ccccc1)*,2,-0.34,-0.63,-0.65,-0.02
OC(CC1CCCCC1)*,OC(C1CCCCCC1)*,2,0.24,-0.31,0.08,0.39
OC(CC1CCCCC1)*,CC1CCCCC1CC(O)*,2,-0.11,-0.46,-0.34,0.11
OC(CC1CCCCC1)*,CC1CCCC1C(O)*,2,0.53,-1.08,-0.01,1.07
CC1CCCCC1CC(O)*,OC(CC1CCCC1)*,2,0.13,0.2,0.23,0.03
CC1CCCCC1CC(O)*,CC1CCCC1C(O)*,2,0.65,-0.63,0.33,0.96
CC1CCCCC1CC(O)*,CC1CCCC(CC(O)*)C1,2,-0.0,0.24,0.12,-0.12
CC1CCCC(CC(O)*)C1,OC(C1CCCCC1)*,2,0.53,-0.02,0.52,0.54
CC1CCCC(CC(O)*)C1,OC(CC1CCCCC1)*,2,0.12,0.22,0.23,0.01
CC1CCCC(CC(O)*)C1,OC(CC1CCCC1)*,2,0.13,-0.04,0.11,0.15
CC1CCCC(CC(O)*)C1,CC1CCCCC1CC(O)*,2,0.0,-0.24,-0.12,0.12
CC1CCCC(CC(O)*)C1,CC1CCCC1C(O)*,2,0.65,-0.87,0.22,1.08
CC1CCCC(CC(O)*)C1,CC1CCC(C(O)*)CC1,2,0.23,0.05,0.26,0.21
CC1CCCC(CC(O)*)C1,CC1CCC(C(O)*)C1,2,0.42,0.06,0.45,0.39
CC1CCCC(CC(O)*)C1,CC1(C)CCC(CC(O)*)CC1,2,-0.34,-0.21,-0.44,-0.23
CC1CCCC(CC(O)*)C1,CC1(C)CCC(CC(O)*)C1,2,-0.15,-0.15,-0.22,-0.07
CC1CCCC(CC(O)*)C1,CC1(C)CCC(C(O)*)CC1,2,0.18,0.11,0.24,0.13
CC1CCCC(CC(O)*)C1,CC1(C)CCC(C(O)*)C1,2,0.37,-0.13,0.31,0.43
CC1CCCC(CC(O)*)C1,CC1(C)CC(C(O)*)C1,2,0.7,0.51,0.96,0.45
CC1CCC(C(O)*)CC1,O[C@H](C1CCCCC1)*,2,0.55,-0.18,0.46,0.64
CC1CCC(C(O)*)CC1,OC(C1CCCCC1)*,2,0.29,-0.08,0.26,0.33
CC1CCC(C(O)*)CC1,OC(C1CCCC1)*,2,0.21,-0.0,0.21,0.21
CC1CCC(C(O)*)CC1,OC(CC1CCCCC1)*,2,-0.11,0.16,-0.03,-0.2
CC1CCC(C(O)*)CC1,OC(CC1CCCC1)*,2,-0.1,-0.09,-0.14,-0.05
CC1CCC(C(O)*)CC1,CC1CCCCC1CC(O)*,2,-0.23,-0.29,-0.37,-0.08
CC1CCC(C(O)*)CC1,CC1CCCC1C(O)*,2,0.42,-0.92,-0.04,0.88
CC1CCC(C(O)*)CC1,CC1CCCC(CC(O)*)C1,2,-0.23,-0.05,-0.26,-0.21
CC1CCCC(CC(O)*)C1,OC(C1CCCC1)*,2,0.45,0.05,0.47,0.42
CC1CCCC(CC(O)*)C1,O[C@H](C1CCCCC1)*,2,0.79,-0.12,0.72,0.85
CC1CCCCC1CC(O)*,CC1CCC(C(O)*)CC1,2,0.23,0.29,0.37,0.08
CC1CCCC1C(O)*,CC1(C)CC(C(O)*)C1,2,0.05,1.38,0.74,-0.63
CC1CCCCC1CC(O)*,CC1CCC(C(O)*)C1,2,0.42,0.3,0.57,0.27
CC1CCCCC1CC(O)*,CC1(C)CCC(CC(O)*)CC1,2,-0.34,0.03,-0.33,-0.35
CC1CCCCC1CC(O)*,CC1(C)CCC(CC(O)*)C1,2,-0.15,0.09,-0.11,-0.2
CC1CCCCC1CC(O)*,CC1(C)CCC(C(O)*)CC1,2,0.18,0.35,0.35,0.01
CC1CCCCC1CC(O)*,CC1(C)CCC(C(O)*)C1,2,0.37,0.11,0.42,0.31
CC1CCCCC1CC(O)*,CC1(C)CC(C(O)*)C1,2,0.7,0.75,1.08,0.33
CC1CCCC1C(O)*,O[C@H](C1CCCCC1)*,2,0.13,0.74,0.51,-0.24
CC1CCCC1C(O)*,OC(C1CCCCC1)*,2,-0.12,0.84,0.3,-0.55
CC1CCCC1C(O)*,OC(C1CCCC1)*,2,-0.21,0.91,0.25,-0.66
CC1CCCC1C(O)*,OC(CC1CCCCC1)*,2,-0.53,1.08,0.01,-1.07
CC1CCCC1C(O)*,OC(CC1CCCC1)*,2,-0.52,0.83,-0.1,-0.93
CC1CCCC1C(O)*,CC1CCCCC1CC(O)*,2,-0.65,0.63,-0.33,-0.96
CC1CCCC1C(O)*,CC1CCCC(CC(O)*)C1,2,-0.65,0.87,-0.22,-1.08
CC1CCCC1C(O)*,CC1CCC(C(O)*)CC1,2,-0.42,0.92,0.04,-0.88
CC1CCCC1C(O)*,CC1CCC(C(O)*)C1,2,-0.23,0.92,0.23,-0.69
CC1CCCC1C(O)*,CC1(C)CCC(CC(O)*)CC1,2,-0.99,0.65,-0.66,-1.32
CC1CCCC1C(O)*,CC1(C)CCC(CC(O)*)C1,2,-0.8,0.71,-0.44,-1.16
CC1CCCC1C(O)*,CC1(C)CCC(C(O)*)CC1,2,-0.47,0.97,0.02,-0.95
CC1CCCC1C(O)*,CC1(C)CCC(C(O)*)C1,2,-0.28,0.74,0.09,-0.65
OC(C1CCCCC1)*,CC1(C)CCC(C(O)*)CC1,2,-0.34,0.13,-0.28,-0.41
OC(C1CCCCC1)*,CC1(C)CCC(CC(O)*)C1,2,-0.68,-0.13,-0.74,-0.61
OC(C1CCCCC1)*,CC1(C)CCC(CC(O)*)CC1,2,-0.86,-0.19,-0.96,-0.77
c1ccc(*)cc1,CC1(*)CCCC1,2,1.22,-0.09,1.17,1.27
CC1(*)CCCC1,c1ccc(*)cc1,2,-1.22,0.09,-1.17,-1.27
CC1(*)CCCC1,CC1(*)CCCCC1,2,-0.21,0.23,-0.09,-0.32
F*,CC*,2,-0.49,0.15,-0.41,-0.56
CC*,F*,2,0.49,-0.15,0.41,0.56
C[C@H](C(=O)Nc1ccc(Cl)cc1)*,C[C@@H](C(=O)Nc1ccc(Cl)cc1)*,2,-0.14,-0.01,-0.15,-0.14
C[C@@H](C(=O)Nc1ccc(Cl)cc1)*,C[C@H](C(=O)Nc1ccc(Cl)cc1)*,2,0.14,0.01,0.15,0.14
COP(C)(=O)NCC*,COP(C)(=O)NCCC*,2,-0.02,-0.12,-0.08,0.04
COP(C)(=O)NCCC*,COP(C)(=O)NCC*,2,0.02,0.12,0.08,-0.04
COP(C)(=O)N*,COP(C)(=O)NC*,2,-0.02,-0.12,-0.08,0.04
COP(C)(=O)NC*,COP(C)(=O)N*,2,0.02,0.12,0.08,-0.04
COP(C)(=O)NC*,COP(C)(=O)NCC*,2,-0.02,-0.12,-0.08,0.04
COP(C)(=O)NCC*,COP(C)(=O)NC*,2,0.02,0.12,0.08,-0.04
Brc1cccc(*)c1,Fc1ccc(*)cc1,2,-0.22,0.56,0.05,-0.5
Fc1ccc(*)cc1,Brc1cccc(*)c1,2,0.22,-0.56,-0.05,0.5
C*,C1CC(C*)CCO1,2,-0.34,0.44,-0.12,-0.56
c1ccc(*)cc1,C1CC(C*)CCO1,2,-0.1,-0.19,-0.2,-0.01
C1CC(C*)CCO1,C*,2,0.34,-0.44,0.12,0.56
C1CC(C*)CCO1,c1ccc(*)cc1,2,0.1,0.19,0.2,0.01
Clc1cc(*)n2cncc2c1,FC(F)(F)c1cc(*)c2cncn2c1,2,-0.43,-0.88,-0.87,0.01
CC1(*)CCCCC1,CC1(*)CCCC1,2,0.21,-0.23,0.09,0.32
Clc1ccc(*)cc1,Brc1ccccc1*,2,0.05,0.21,0.16,-0.06
Clc1cc(*)n2cncc2c1,Brc1cc(*)n2cncc2c1,2,0.27,0.25,0.39,0.15
Brc1cccc(*)c1,Fc1cccc(*)c1,2,-0.16,-0.03,-0.18,-0.14
O[C@H](CC1CCCCC1)*,OC(C1CCCCC1)*,2,-0.17,0.13,-0.11,-0.24
O[C@@H](C1CCCCC1)*,O[C@H](CC1CCCCC1)*,2,-0.12,-0.18,-0.21,-0.03
O[C@@H](C1CCCCC1)*,OC(C1CCCCC1)*,2,-0.29,-0.05,-0.32,-0.27
OC(C1CCCCC1)*,O[C@H](CC1CCCCC1)*,2,0.17,-0.13,0.11,0.24
OC(C1CCCCC1)*,O[C@@H](C1CCCCC1)*,2,0.29,0.05,0.32,0.27
Clc1ccc(*)cc1,Brc1ccc(*)cc1,2,-0.01,-0.0,-0.01,-0.01
Brc1ccc(*)cc1,Clc1ccc(*)cc1,2,0.01,0.0,0.01,0.01
c1nc(*)cs1,c1cc(*)ccn1,2,-0.81,-0.55,-1.09,-0.54
c1cc(*)ccn1,c1nc(*)cs1,2,0.81,0.55,1.09,0.54
Clc1ccc(*)nc1,Clc1ccc(*)cc1,2,-0.14,0.3,0.01,-0.29
Clc1ccc(*)cc1,Clc1ccc(*)nc1,2,0.14,-0.3,-0.01,0.29
F*,Cn1cc(*)cn1,2,-0.08,0.05,-0.06,-0.1
Cn1cc(*)cn1,F*,2,0.08,-0.05,0.06,0.1
Brc1ccccc1*,Fc1cccc(*)c1,2,0.14,-0.03,0.13,0.16
Brc1ccccc1*,Brc1cccc(*)c1,2,0.3,0.01,0.31,0.3
Brc1ccccc1*,Clc1ccc(*)cc1,2,-0.05,-0.21,-0.16,0.06
Fc1cccc(*)c1,Brc1ccccc1*,2,-0.14,0.03,-0.13,-0.16
Fc1cccc(*)c1,Brc1cccc(*)c1,2,0.16,0.03,0.18,0.14
Brc1cccc(*)c1,Brc1ccccc1*,2,-0.3,-0.01,-0.31,-0.3
Clc1cc(*)n2cncc2c1,FC(F)(F)c1cc(*)n2cncc2c1,2,-0.2,0.39,-0.01,-0.4
FC(F)(F)c1cc(*)c2cncn2c1,Clc1cc(*)n2cncc2c1,2,0.43,0.88,0.87,-0.01
OC(C1CCCCC1)*,CC1CCC(C(O)*)C1,2,-0.11,0.08,-0.07,-0.15
O[C@H](C1CCCCC1)*,CC1(C)CCC(C(O)*)C1,2,-0.42,-0.0,-0.42,-0.41
O[C@@H](CC1CCCCC1)*,OC(C1CCCCC1)*,2,-0.05,0.04,-0.03,-0.07
OC(c1cccs1)*,OC(c1ccccc1)*,2,0.07,0.01,0.07,0.06
OC(c1cccs1)*,OC(C1CCCCCC1)*,2,0.52,0.06,0.55,0.49
OC(c1cccs1)*,OC(CC1CCCC1)*,2,0.42,0.07,0.45,0.38
OC(c1ccccc1)*,OC(c1cccs1)*,2,-0.07,-0.01,-0.07,-0.06
OC(c1ccccc1)*,OC(C1CCCCC1)*,2,0.7,0.02,0.71,0.69
OC(c1ccccc1)*,OC(C1CCCC1)*,2,0.56,0.11,0.61,0.5
OC(c1ccccc1)*,OC(CC1CCCCC1)*,2,0.34,0.63,0.65,0.02
OC(C1CCCCCC1)*,OC(c1cccs1)*,2,-0.52,-0.06,-0.55,-0.49
OC(C1CCCCCC1)*,OC(C1CCCCC1)*,2,0.13,-0.1,0.08,0.18
OC(C1CCCCCC1)*,OC(C1CCCC1)*,2,0.03,0.04,0.05,0.01
OC(C1CCCCCC1)*,OC(CC1CCCCC1)*,2,-0.24,0.31,-0.08,-0.39
OC(C1CCCCC1)*,O[C@@H](CC1CCCCC1)*,2,0.05,-0.04,0.03,0.07
OC(C1CCCCC1)*,OC(c1ccccc1)*,2,-0.7,-0.02,-0.71,-0.69
OC(C1CCCCC1)*,OC(C1CCCCCC1)*,2,-0.13,0.1,-0.08,-0.18
OC(C1CCCCC1)*,CC1CCCCC1CC(O)*,2,-0.52,-0.22,-0.63,-0.42
OC(C1CCCCC1)*,CC1CCCC1C(O)*,2,0.12,-0.84,-0.3,0.55
OC(C1CCCCC1)*,CC1CCCC(CC(O)*)C1,2,-0.53,0.02,-0.52,-0.54
OC(C1CCCCC1)*,CC1CCC(C(O)*)CC1,2,-0.29,0.08,-0.26,-0.33
O[C@H](C1CCCCC1)*,CC1(C)CC(C(O)*)C1,2,-0.08,0.63,0.24,-0.4
O[C@H](C1CCCCC1)*,CC1(C)CCC(C(O)*)CC1,2,-0.6,0.23,-0.49,-0.72
FC(F)(F)c1cc(*)c2cncn2c1,FC(F)(F)c1cc(*)n2cncc2c1,2,0.22,1.27,0.86,-0.41
O[C@H](C1CCCCC1)*,CC1(C)CCC(CC(O)*)C1,2,-0.93,-0.03,-0.95,-0.92
FC(F)(F)c1cc(*)c2cncn2c1,Brc1cc(*)n2cncc2c1,2,0.7,1.13,1.26,0.13
FC(F)(F)c1cc(*)n2cncc2c1,Clc1cc(*)n2cncc2c1,2,0.2,-0.39,0.01,0.4
FC(F)(F)c1cc(*)n2cncc2c1,FC(F)(F)c1cc(*)c2cncn2c1,2,-0.22,-1.27,-0.86,0.41
FC(F)(F)c1cc(*)n2cncc2c1,Brc1cc(*)n2cncc2c1,2,0.47,-0.15,0.4,0.55
Brc1cc(*)n2cncc2c1,Clc1cc(*)n2cncc2c1,2,-0.27,-0.25,-0.39,-0.15
Brc1cc(*)n2cncc2c1,FC(F)(F)c1cc(*)c2cncn2c1,2,-0.7,-1.13,-1.26,-0.13
Brc1cc(*)n2cncc2c1,FC(F)(F)c1cc(*)n2cncc2c1,2,-0.47,0.15,-0.4,-0.55
C1CCC(*)C1,CC1(*)CCCC1,2,0.79,-0.46,0.57,1.02
CC1(C)CCC(*)C1,CC1(*)CCCC1,2,0.88,-0.78,0.49,1.27
CC1(*)CCCC1,C1CCC(*)C1,2,-0.79,0.46,-0.57,-1.02
CC1(*)CCCC1,CC1(C)CCC(*)C1,2,-0.88,0.78,-0.49,-1.27
O[C@H](C1CCCCC1)*,OC(C1CCCC1)*,2,-0.34,0.17,-0.25,-0.43
O[C@H](C1CCCCC1)*,OC(CC1CCCC1)*,2,-0.65,0.09,-0.61,-0.69
O[C@H](C1CCCCC1)*,CC1CCCCC1CC(O)*,2,-0.78,-0.11,-0.84,-0.72
O[C@H](C1CCCCC1)*,CC1CCCC1C(O)*,2,-0.13,-0.74,-0.51,0.24
O[C@H](C1CCCCC1)*,CC1CCCC(CC(O)*)C1,2,-0.79,0.12,-0.72,-0.85
O[C@H](C1CCCCC1)*,CC1CCC(C(O)*)CC1,2,-0.55,0.18,-0.46,-0.64
O[C@H](C1CCCCC1)*,CC1CCC(C(O)*)C1,2,-0.36,0.18,-0.27,-0.45
O[C@H](C1CCCCC1)*,CC1(C)CCC(CC(O)*)CC1,2,-1.12,-0.09,-1.17,-1.08
CC1CCC(C(O)*)CC1,CC1CCC(C(O)*)C1,2,0.19,0.0,0.19,0.19
CC1CCC(C(O)*)CC1,CC1(C)CCC(CC(O)*)C1,2,-0.38,-0.2,-0.48,-0.28
Fc1cccc(*)c1,Clc1ccccc1*,2,-0.9,-0.43,-1.12,-0.69
OC1CCC(*)CC1,C1CCC(*)C1,2,0.5,-0.2,0.4,0.6
C1CCC(*)C1,C*,2,0.68,0.37,0.86,0.49
CO*,c1ccc(*)cc1,2,-0.96,-0.55,-1.24,-0.69
CO*,CC(C)*,2,-0.5,-0.42,-0.71,-0.29
C*,C1CCC(*)C1,2,-0.68,-0.37,-0.86,-0.49
CC(C)*,CO*,2,0.5,0.42,0.71,0.29
OC1CCC(*)CC1,c1ccc(*)cc1,2,-0.07,-0.68,-0.41,0.27
OC1CCC(*)CC1,C1CCCC(*)CC1,2,0.49,-0.24,0.37,0.61
OC1CCC(*)CC1,C1CCC(*)CC1,2,0.5,-0.25,0.37,0.62
OC1CCC(*)CC1,c1ccc(C2CCCC2*)cc1,2,-0.54,-0.26,-0.67,-0.41
OC1CCC(*)CC1,FC(F)(F)C1CCCC(*)C1,2,-0.0,-0.54,-0.27,0.26
CC1CCC(C(O)*)CC1,CC1(C)CCC(C(O)*)CC1,2,-0.05,0.06,-0.02,-0.08
OC1CCC(*)CC1,C1CCC2CC(*)CCC2C1,2,-0.34,-0.86,-0.77,0.09
OC1CCC(*)CC1,C1CC(*)C1,2,0.22,-0.23,0.11,0.34
OC1CCC(*)CC1,c1ccc(C2CCC(*)CC2)cc1,2,-0.33,-0.25,-0.46,-0.2
OC1CCC(*)CC1,C1CC(C2CCC(*)CC2)C1,2,-0.44,-0.61,-0.74,-0.13
OC1CCC(*)CC1,FC(F)(F)C1CCC(*)CC1,2,0.14,-0.6,-0.16,0.44
OC1CCC(*)CC1,Cc1ccccc1*,2,-0.53,-1.37,-1.21,0.15
OC1CCC(*)CC1,COC1CCCC(*)C1,2,-0.11,-0.16,-0.19,-0.03
OC1CCC(*)CC1,CCC1CCC(*)CC1,2,0.05,-0.31,-0.11,0.2
OC1CCC(*)CC1,CC1CCCC(*)C1,2,0.47,-0.24,0.35,0.59
c1ccc(*)cc1,CO*,2,0.96,0.55,1.24,0.69
CC1(C)CCC(*)C1,CC1CCCCC1*,2,0.15,-0.09,0.11,0.2
CC1(C)CCC(*)CC1,CC1CCCCC1*,2,0.34,-0.03,0.33,0.35
CC1CCCC(*)C1,CC1CCCCC1*,2,0.0,-0.24,-0.12,0.12
CN(C)C*,C1CN(C*)CCO1,2,-0.3,0.04,-0.28,-0.32
CN(C)C*,CN1CCN(C*)CC1,2,-0.39,0.13,-0.33,-0.45
C1CN(*)CCO1,CN1CCN(*)CC1,2,-0.09,0.08,-0.05,-0.13
C1CN(*)CCO1,CN(C)*,2,0.3,-0.04,0.28,0.32
C1CN(*)CCN1,CN1CCN(*)CC1,2,-0.13,0.16,-0.05,-0.21
Cc1ccccc1*,Cc1cccc(*)c1,2,0.51,-0.53,0.25,0.78
CN1CCN(*)CC1,C1CN(*)CCO1,2,0.09,-0.08,0.05,0.13
CN1CCN(*)CC1,C1CN(*)CCN1,2,0.13,-0.16,0.05,0.21
CN(C)*,C1CN(*)CCO1,2,-0.3,0.04,-0.28,-0.32
CN(C)*,C1CN(*)CCN1,2,0.06,-0.03,0.04,0.07
C1CCC(*)CC1,FC1(F)CCC(*)CC1,2,0.34,-0.66,0.01,0.67
C1CCC(*)CC1,CC1CCCCC1*,2,-0.11,-0.46,-0.34,0.11
C1CCC(*)C1,CC1CCCCC1*,2,-0.13,-0.2,-0.23,-0.03
FC1(F)CCC(*)CC1,C1CCC(*)CC1,2,-0.34,0.66,-0.01,-0.67
CC1CCCCC1*,C1CCC(*)CC1,2,0.11,0.46,0.34,-0.11
CC1CCCCC1*,C1CCC(*)C1,2,0.13,0.2,0.23,0.03
CC1CCCCC1*,CC1CCCC(*)C1,2,-0.0,0.24,0.12,-0.12
CC1CCCCC1*,CC1(C)CCC(*)CC1,2,-0.34,0.03,-0.33,-0.35
CC1CCCCC1*,CC1(C)CCC(*)C1,2,-0.15,0.09,-0.11,-0.2
OC1CCC(*)CC1,CC1CCC(*)CC1,2,0.36,-0.36,0.19,0.54
OC1CCC(*)CC1,CC1(C)CCCC(*)C1,2,0.27,-0.79,-0.13,0.67
OC1CCC(*)CC1,CC1(C)CCC(*)CC1,2,0.25,-0.5,-0.0,0.5
Clc1ccccc1*,Clc1ccc(*)cc1,2,0.56,0.38,0.75,0.37
c1ccc(*)cc1,OC1CCC(*)CC1,2,0.07,0.68,0.41,-0.27
c1ccc(*)cc1,FC(F)(F)c1ccc(*)cc1,2,-0.57,-0.23,-0.69,-0.46
c1ccc(*)cc1,C1CCCC(*)CC1,2,0.56,0.44,0.78,0.34
c1ccc(*)cc1,c1ccc(C2CCCC2*)cc1,2,-0.47,0.42,-0.26,-0.68
c1ccc(*)cc1,FC(F)(F)C1CCCC(*)C1,2,0.07,0.14,0.14,-0.0
c1ccc(*)cc1,C1CCC2CC(*)CCC2C1,2,-0.26,-0.18,-0.36,-0.17
c1ccc(*)cc1,C1CC(C2CCC(*)CC2)C1,2,-0.37,0.07,-0.33,-0.4
c1ccc(*)cc1,FC(F)(F)C1CCC(*)CC1,2,0.21,0.08,0.25,0.17
c1ccc(*)cc1,COc1cccc(*)c1,2,-0.53,-0.14,-0.6,-0.46
c1ccc(*)cc1,COC1CCCC(*)C1,2,-0.03,0.52,0.23,-0.29
c1ccc(*)cc1,CCC1CCC(*)CC1,2,0.12,0.37,0.31,-0.06
c1ccc(*)cc1,CC1CCCC(*)C1,2,0.55,0.44,0.77,0.32
c1ccc(*)cc1,CC1CCC(*)CC1,2,0.44,0.32,0.6,0.28
c1ccc(*)cc1,CC1(C)CCCC(*)C1,2,0.34,-0.11,0.28,0.4
c1ccc(*)cc1,CC1(C)CCC(C*)C1,2,0.22,-0.32,0.06,0.38
c1ccc(*)cc1,CC1(C)CCC(*)CC1,2,0.32,0.18,0.41,0.23
c1ccc(*)cc1,CC(C1CCCCC1)*,2,0.03,0.0,0.03,0.03
c1ccc(*)cc1,CC(C)C1CCC(*)CC1,2,-0.32,0.03,-0.31,-0.34
c1ccc(*)cc1,CC(C)(C)C1CCC(*)CC1,2,-0.68,-0.22,-0.79,-0.57
Clc1ccccc1*,COc1ccccc1*,2,-0.09,0.52,0.17,-0.35
Clc1ccccc1*,Fc1cccc(*)c1,2,0.9,0.43,1.12,0.69
OC1CCC(*)CC1,CC1(C)CCC(*)C1,2,0.48,-0.55,0.2,0.76
Clc1ccccc1*,Fc1ccccc1*,2,0.72,0.32,0.87,0.56
OC1CCC(*)CC1,CC1(*)CCCCC1,2,0.7,-0.75,0.32,1.07
OC1CCC(*)CC1,CC(C1CCCCC1)*,2,-0.04,-0.68,-0.38,0.3
OC1CCC(*)CC1,CC(C)C1CCC(*)CC1,2,-0.4,-0.65,-0.72,-0.07
OC1CCC(*)CC1,CC(C)(C)C1CCC(*)CC1,2,-0.75,-0.9,-1.21,-0.3
c1cc(*)cs1,Clc1ccccc1*,2,-0.65,-0.37,-0.84,-0.46
c1cc(*)cs1,Clc1ccc(*)cc1,2,-0.09,0.01,-0.08,-0.09
c1cc(*)cs1,COc1ccccc1*,2,-0.74,0.15,-0.67,-0.81
c1csc(*)c1,Fc1ccc(*)cc1,2,-0.03,-0.08,-0.07,0.01
c1csc(*)c1,FC(F)(F)c1ccc(*)cc1,2,-0.37,0.35,-0.2,-0.54
c1csc(*)c1,C1CCCC(*)CC1,2,0.52,0.06,0.55,0.49
c1csc(*)c1,C1CCC(C*)C1,2,0.42,0.07,0.45,0.38
c1csc(*)c1,CC1(C)CCC(C*)CC1,2,0.09,0.24,0.21,-0.03
c1csc(*)c1,CC1(C)CCC(*)C1,2,0.61,0.18,0.7,0.52
c1csc(*)c1,CC1(C)CC(*)C1,2,1.03,0.66,1.36,0.7
c1csc(*)c1,CC1(*)CCCCC1,2,1.14,-0.23,1.03,1.26
Fc1ccccc1*,Clc1ccccc1*,2,-0.72,-0.32,-0.87,-0.56
Fc1ccccc1*,Fc1ccc(*)cc1,2,0.09,0.08,0.13,0.05
Fc1ccccc1*,COc1ccccc1*,2,-0.81,0.21,-0.7,-0.91
Clc1ccccc1*,c1cc(*)cs1,2,0.65,0.37,0.84,0.46
CN1CCN(C*)CC1,CN(C)C*,2,0.39,-0.13,0.33,0.45
CN1CCN(C*)CC1,CN1CCN(*)CC1,2,-0.56,0.04,-0.54,-0.58
CN1CCN(C*)CC1,C1CN(C*)CCO1,2,0.09,-0.08,0.05,0.13
CC1(C)CCC(CC(O)*)CC1,CC1CCCCC1CC(O)*,2,0.34,-0.03,0.33,0.35
CC1(C)CCC(CC(O)*)CC1,CC1CCCC(CC(O)*)C1,2,0.34,0.21,0.44,0.23
CC1(C)CCC(CC(O)*)CC1,CC1CCC(C(O)*)CC1,2,0.57,0.26,0.7,0.44
CC1(C)CCC(CC(O)*)CC1,CC1CCC(C(O)*)C1,2,0.76,0.27,0.89,0.62
CC1(C)CCC(CC(O)*)CC1,CC1(C)CCC(CC(O)*)C1,2,0.19,0.06,0.22,0.16
CC1(C)CCC(CC(O)*)CC1,CC1(C)CCC(C(O)*)CC1,2,0.52,0.32,0.68,0.36
CC1(C)CCC(CC(O)*)CC1,CC1(C)CCC(C(O)*)C1,2,0.71,0.08,0.75,0.66
CC1(C)CCC(CC(O)*)CC1,CC1(C)CC(C(O)*)C1,2,1.04,0.72,1.4,0.68
CC1(C)CCC(CC(O)*)C1,O[C@H](C1CCCCC1)*,2,0.93,0.03,0.95,0.92
CC1(C)CCC(CC(O)*)C1,OC(C1CCCCC1)*,2,0.68,0.13,0.74,0.61
CC1(C)CCC(CC(O)*)C1,OC(C1CCCC1)*,2,0.59,0.2,0.69,0.49
CC1(C)CCC(CC(O)*)C1,OC(CC1CCCCC1)*,2,0.27,0.37,0.45,0.08
CC1(C)CCC(CC(O)*)C1,OC(CC1CCCC1)*,2,0.28,0.11,0.34,0.23
CC1(C)CCC(CC(O)*)C1,CC1CCCCC1CC(O)*,2,0.15,-0.09,0.11,0.2
CC1(C)CCC(CC(O)*)C1,CC1CCCC1C(O)*,2,0.8,-0.71,0.44,1.16
CC1(C)CCC(CC(O)*)C1,CC1CCCC(CC(O)*)C1,2,0.15,0.15,0.22,0.07
CC1(C)CCC(CC(O)*)C1,CC1CCC(C(O)*)CC1,2,0.38,0.2,0.48,0.28
CC1(C)CCC(CC(O)*)C1,CC1CCC(C(O)*)C1,2,0.57,0.21,0.68,0.47
CC1(C)CCC(CC(O)*)C1,CC1(C)CCC(CC(O)*)CC1,2,-0.19,-0.06,-0.22,-0.16
CC1(C)CCC(CC(O)*)C1,CC1(C)CCC(C(O)*)CC1,2,0.33,0.26,0.46,0.2
CC1(C)CCC(CC(O)*)CC1,CC1CCCC1C(O)*,2,0.99,-0.65,0.66,1.32
CC1(C)CCC(CC(O)*)CC1,OC(CC1CCCC1)*,2,0.47,0.17,0.56,0.39
CC1(C)CCC(CC(O)*)C1,CC1(C)CC(C(O)*)C1,2,0.85,0.66,1.18,0.52
CC1(C)CCC(CC(O)*)CC1,OC(CC1CCCCC1)*,2,0.45,0.43,0.67,0.24
CC1CCC(C(O)*)CC1,CC1(C)CCC(C(O)*)C1,2,0.14,-0.18,0.05,0.23
CC1CCC(C(O)*)CC1,CC1(C)CC(C(O)*)C1,2,0.47,0.46,0.7,0.24
CC1CCC(C(O)*)C1,O[C@H](C1CCCCC1)*,2,0.36,-0.18,0.27,0.45
CC1CCC(C(O)*)C1,OC(C1CCCCC1)*,2,0.11,-0.08,0.07,0.15
CC1CCC(C(O)*)C1,OC(C1CCCC1)*,2,0.02,-0.01,0.02,0.03
CC1CCC(C(O)*)C1,OC(CC1CCCCC1)*,2,-0.3,0.16,-0.22,-0.38
CC1CCC(C(O)*)C1,OC(CC1CCCC1)*,2,-0.29,-0.1,-0.34,-0.24
CC1CCC(C(O)*)C1,CC1CCCCC1CC(O)*,2,-0.42,-0.3,-0.57,-0.27
CC1CCC(C(O)*)C1,CC1CCCC1C(O)*,2,0.23,-0.92,-0.23,0.69
CC1CCC(C(O)*)C1,CC1CCCC(CC(O)*)C1,2,-0.42,-0.06,-0.45,-0.39
CC1CCC(C(O)*)C1,CC1CCC(C(O)*)CC1,2,-0.19,-0.0,-0.19,-0.19
CC1CCC(C(O)*)C1,CC1(C)CCC(CC(O)*)CC1,2,-0.76,-0.27,-0.89,-0.62
CC1CCC(C(O)*)C1,CC1(C)CCC(CC(O)*)C1,2,-0.57,-0.21,-0.68,-0.47
CC1CCC(C(O)*)C1,CC1(C)CCC(C(O)*)CC1,2,-0.24,0.05,-0.21,-0.26
CC1CCC(C(O)*)C1,CC1(C)CCC(C(O)*)C1,2,-0.05,-0.18,-0.14,0.04
CC1CCC(C(O)*)C1,CC1(C)CC(C(O)*)C1,2,0.28,0.45,0.51,0.06
CC1(C)CCC(CC(O)*)CC1,O[C@H](C1CCCCC1)*,2,1.12,0.09,1.17,1.08
CC1(C)CCC(CC(O)*)CC1,OC(C1CCCCC1)*,2,0.86,0.19,0.96,0.77
CC1(C)CCC(CC(O)*)CC1,OC(C1CCCC1)*,2,0.78,0.26,0.91,0.65
CC1(C)CCC(CC(O)*)C1,CC1(C)CCC(C(O)*)C1,2,0.52,0.03,0.53,0.51
CC1(C)CCC(C(O)*)CC1,O[C@H](C1CCCCC1)*,2,0.6,-0.23,0.49,0.72
CN1CCN(*)CC1,CN1CCN(C*)CC1,2,0.56,-0.04,0.54,0.58
CC1(C)CCC(C(O)*)C1,CC1CCC(C(O)*)C1,2,0.05,0.18,0.14,-0.04
CC1(C)CCC(C(O)*)C1,CC1(C)CCC(CC(O)*)C1,2,-0.52,-0.03,-0.53,-0.51
CC1(C)CCC(C(O)*)C1,CC1(C)CCC(C(O)*)CC1,2,-0.19,0.23,-0.07,-0.3
CC1(C)CCC(C(O)*)C1,CC1(C)CC(C(O)*)C1,2,0.33,0.64,0.65,0.02
CC1(C)CC(C(O)*)C1,O[C@H](C1CCCCC1)*,2,0.08,-0.63,-0.24,0.4
CC1(C)CC(C(O)*)C1,OC(C1CCCCC1)*,2,-0.18,-0.53,-0.44,0.09
CC1(C)CC(C(O)*)C1,OC(C1CCCC1)*,2,-0.26,-0.46,-0.49,-0.03
CC1(C)CC(C(O)*)C1,OC(CC1CCCCC1)*,2,-0.59,-0.29,-0.73,-0.44
CC1(C)CC(C(O)*)C1,OC(CC1CCCC1)*,2,-0.57,-0.55,-0.85,-0.3
CC1(C)CC(C(O)*)C1,CC1CCCCC1CC(O)*,2,-0.7,-0.75,-1.08,-0.33
CC1(C)CC(C(O)*)C1,CC1CCCC1C(O)*,2,-0.05,-1.38,-0.74,0.63
CC1(C)CC(C(O)*)C1,CC1CCCC(CC(O)*)C1,2,-0.7,-0.51,-0.96,-0.45
CC1(C)CC(C(O)*)C1,CC1CCC(C(O)*)CC1,2,-0.47,-0.46,-0.7,-0.24
CC1(C)CC(C(O)*)C1,CC1CCC(C(O)*)C1,2,-0.28,-0.45,-0.51,-0.06
CC1(C)CC(C(O)*)C1,CC1(C)CCC(CC(O)*)CC1,2,-1.04,-0.72,-1.4,-0.68
CC1(C)CC(C(O)*)C1,CC1(C)CCC(CC(O)*)C1,2,-0.85,-0.66,-1.18,-0.52
CC1(C)CC(C(O)*)C1,CC1(C)CCC(C(O)*)CC1,2,-0.52,-0.4,-0.72,-0.32
CC1(C)CC(C(O)*)C1,CC1(C)CCC(C(O)*)C1,2,-0.33,-0.64,-0.65,-0.02
C1CN(C*)CCO1,CN1CCN(C*)CC1,2,-0.09,0.08,-0.05,-0.13
C1CN(C*)CCO1,CN(C)C*,2,0.3,-0.04,0.28,0.32
CC1(C)CCC(C(O)*)C1,CC1(C)CCC(CC(O)*)CC1,2,-0.71,-0.08,-0.75,-0.66
CC1(C)CCC(C(O)*)C1,CC1CCC(C(O)*)CC1,2,-0.14,0.18,-0.05,-0.23
CC1(C)CCC(C(O)*)CC1,OC(C1CCCCC1)*,2,0.34,-0.13,0.28,0.41
CC1(C)CCC(C(O)*)C1,CC1CCCC(CC(O)*)C1,2,-0.37,0.13,-0.31,-0.43
CC1(C)CCC(C(O)*)CC1,OC(C1CCCC1)*,2,0.26,-0.06,0.23,0.29
CC1(C)CCC(C(O)*)CC1,OC(CC1CCCCC1)*,2,-0.07,0.11,-0.01,-0.12
CC1(C)CCC(C(O)*)CC1,OC(CC1CCCC1)*,2,-0.05,-0.15,-0.12,0.02
CC1(C)CCC(C(O)*)CC1,CC1CCCCC1CC(O)*,2,-0.18,-0.35,-0.35,-0.01
CC1(C)CCC(C(O)*)CC1,CC1CCCC1C(O)*,2,0.47,-0.97,-0.02,0.95
CC1(C)CCC(C(O)*)CC1,CC1CCCC(CC(O)*)C1,2,-0.18,-0.11,-0.24,-0.13
CC1(C)CCC(C(O)*)CC1,CC1CCC(C(O)*)CC1,2,0.05,-0.06,0.02,0.08
CC1(C)CCC(C(O)*)CC1,CC1CCC(C(O)*)C1,2,0.24,-0.05,0.21,0.26
CC1(C)CCC(C(O)*)CC1,CC1(C)CCC(CC(O)*)CC1,2,-0.52,-0.32,-0.68,-0.36
CC1(C)CCC(C(O)*)CC1,CC1(C)CCC(CC(O)*)C1,2,-0.33,-0.26,-0.46,-0.2
CC1(C)CCC(C(O)*)CC1,CC1(C)CCC(C(O)*)C1,2,0.19,-0.23,0.07,0.3
CC1(C)CCC(C(O)*)CC1,CC1(C)CC(C(O)*)C1,2,0.52,0.4,0.72,0.32
CC1(C)CCC(C(O)*)C1,O[C@H](C1CCCCC1)*,2,0.42,0.0,0.42,0.41
CC1(C)CCC(C(O)*)C1,OC(C1CCCCC1)*,2,0.16,0.1,0.21,0.11
CC1(C)CCC(C(O)*)C1,OC(C1CCCC1)*,2,0.08,0.17,0.16,-0.01
CC1(C)CCC(C(O)*)C1,OC(CC1CCCCC1)*,2,-0.25,0.34,-0.08,-0.42
CC1(C)CCC(C(O)*)C1,OC(CC1CCCC1)*,2,-0.24,0.09,-0.19,-0.28
CC1(C)CCC(C(O)*)C1,CC1CCCCC1CC(O)*,2,-0.37,-0.11,-0.42,-0.31
CC1(C)CCC(C(O)*)C1,CC1CCCC1C(O)*,2,0.28,-0.74,-0.09,0.65
Cc1ccccc1*,FC(F)(F)C1CCC(*)CC1,2,0.66,0.77,1.05,0.28
CC1CCCC(*)C1,CC1(*)CCCCC1,2,0.22,-0.52,-0.03,0.48
Cc1ccccc1*,Cc1ccc(*)cc1,2,0.25,0.54,0.52,-0.02
CCN(CC)C(=O)*,CC(=O)N1CCN(C(=O)*)CC1,2,0.16,0.13,0.23,0.1
C*,CC(=O)N1CCN(C(=O)*)CC1,2,0.84,-0.59,0.55,1.13
CN1CCN(C(=O)*)CC1,O=C(N1CCOCC1)*,2,-0.09,0.34,0.08,-0.26
CN1CCN(C(=O)*)CC1,O=C(O)*,2,-0.45,0.58,-0.17,-0.74
CN1CCN(C(=O)*)CC1,C*,2,-0.96,1.13,-0.39,-1.52
CN1CCN(C(=O)*)CC1,CCN(CC)C(=O)*,2,-0.28,0.42,-0.07,-0.49
CN1CCN(C(=O)*)CC1,CC(=O)N1CCN(C(=O)*)CC1,2,-0.12,0.55,0.15,-0.39
CCN(CC)C(=O)*,O=C(N1CCOCC1)*,2,0.19,-0.08,0.16,0.23
CCN(CC)C(=O)*,O=C(O)*,2,-0.17,0.16,-0.09,-0.25
CCN(CC)C(=O)*,CN1CCN(C(=O)*)CC1,2,0.28,-0.42,0.07,0.49
CC(=O)N1CCN(C(=O)*)CC1,O=C(N1CCOCC1)*,2,0.03,-0.21,-0.07,0.14
C*,O=C(N1CCOCC1)*,2,0.87,-0.79,0.47,1.27
CC(=O)N1CCN(C(=O)*)CC1,O=C(O)*,2,-0.34,0.03,-0.32,-0.35
CC(=O)N1CCN(C(=O)*)CC1,C*,2,-0.84,0.59,-0.55,-1.13
CC(=O)N1CCN(C(=O)*)CC1,CN1CCN(C(=O)*)CC1,2,0.12,-0.55,-0.15,0.39
CC(=O)N1CCN(C(=O)*)CC1,CCN(CC)C(=O)*,2,-0.16,-0.13,-0.23,-0.1
C1CC1*,CC(C)*,2,-0.31,0.25,-0.19,-0.44
CC(C)*,C1CC1*,2,0.31,-0.25,0.19,0.44
Cl*,C1CC(*)C1,2,0.05,-0.34,-0.12,0.22
Cl*,FC1(F)CC(*)C1,2,-0.67,-0.13,-0.74,-0.61
Cl*,CCC*,2,0.34,0.31,0.49,0.18
C*,CN1CCN(C(=O)*)CC1,2,0.96,-1.13,0.39,1.52
O=C(O)*,CC(=O)N1CCN(C(=O)*)CC1,2,0.34,-0.03,0.32,0.35
Fc1ccc(N*)cc1Cl,Fc1ccc(N*)cc1OC(F)(F)F,2,0.58,0.02,0.59,0.57
Br*,O=C(O)*,2,-0.86,0.45,-0.63,-1.08
N#Cc1ccc(*)cc1,Clc1ccc(*)nc1,2,0.26,0.24,0.38,0.14
N#Cc1ccc(*)cc1,Fc1cccc(*)c1,2,-0.1,-0.05,-0.12,-0.08
c1ccc(*)cc1,N#Cc1ccc(*)cc1,2,0.14,0.33,0.31,-0.02
Clc1ccc(*)nc1,N#Cc1ccc(*)cc1,2,-0.26,-0.24,-0.38,-0.14
Fc1cccc(*)c1,N#Cc1ccc(*)cc1,2,0.1,0.05,0.12,0.08
N#C*,Cn1cc(*)cn1,2,0.39,-0.25,0.27,0.52
Cn1cc(*)cn1,N#C*,2,-0.39,0.25,-0.27,-0.52
CO*,CC(=O)N*,2,0.0,-0.05,-0.02,0.03
CC(=O)N*,CO*,2,-0.0,0.05,0.02,-0.03
O=C(O)*,Br*,2,0.86,-0.45,0.63,1.08
O=C(O)*,CCN(CC)C(=O)*,2,0.17,-0.16,0.09,0.25
F*,O=C(O)*,2,0.31,-0.91,-0.15,0.76
O=C(N1CCOCC1)*,O=C(O)*,2,-0.37,0.24,-0.25,-0.49
O=C(N1CCOCC1)*,C*,2,-0.87,0.79,-0.47,-1.27
O=C(N1CCOCC1)*,CN1CCN(C(=O)*)CC1,2,0.09,-0.34,-0.08,0.26
O=C(N1CCOCC1)*,CCN(CC)C(=O)*,2,-0.19,0.08,-0.16,-0.23
O=C(N1CCOCC1)*,CC(=O)N1CCN(C(=O)*)CC1,2,-0.03,0.21,0.07,-0.14
O=C(O)*,F*,2,-0.31,0.91,0.15,-0.76
O=C(O)*,O=C(N1CCOCC1)*,2,0.37,-0.24,0.25,0.49
O=C(O)*,CN1CCN(C(=O)*)CC1,2,0.45,-0.58,0.17,0.74
Cl*,CC(C)C*,2,-0.45,-0.42,-0.66,-0.24
Cl*,CC(C)(C)*,2,-0.75,-0.17,-0.83,-0.66
c1ccc(C*)cc1,C1CC(*)C1,2,1.0,0.88,1.44,0.55
FC1(F)CC(*)C1,FC(F)(F)*,2,0.68,1.08,1.22,0.14
C1CC(*)C1,CCC*,2,0.17,0.02,0.18,0.15
C1CC1*,C1CC(*)C1,2,-0.47,-0.92,-0.93,-0.02
C1CC1*,FC1(F)CC(*)C1,2,-1.12,-0.94,-1.59,-0.65
C1CC1*,CCC*,2,-0.12,-0.5,-0.37,0.13
C1CC1*,CC(C)C*,2,-0.9,-1.23,-1.52,-0.28
C1CC1*,CC(C)(C)*,2,-1.2,-0.98,-1.69,-0.71
FC1(F)CC(*)C1,Cl*,2,0.67,0.13,0.74,0.61
FC1(F)CC(*)C1,C1CC(*)C1,2,0.51,0.44,0.73,0.28
FC1(F)CC(*)C1,C1CC1*,2,1.12,0.94,1.59,0.65
FC1(F)CC(*)C1,Br*,2,0.89,0.74,1.26,0.52
c1ccc(C*)cc1,FC(F)(F)*,2,1.08,1.12,1.64,0.52
FC1(F)CC(*)C1,c1cc(*)cs1,2,0.69,-0.31,0.53,0.84
FC1(F)CC(*)C1,CC*,2,1.66,0.71,2.01,1.3
FC1(F)CC(*)C1,CCC*,2,1.01,0.44,1.23,0.79
FC1(F)CC(*)C1,CC(C)C*,2,0.22,-0.29,0.08,0.37
FC1(F)CC(*)C1,CC(C)(C)*,2,-0.07,-0.04,-0.09,-0.05
FC1(F)CC(*)C1,C=C*,2,1.7,0.13,1.77,1.63
FC(F)(F)*,c1ccc(C*)cc1,2,-1.08,-1.12,-1.64,-0.52
FC(F)(F)*,FC1(F)CC(*)C1,2,-0.68,-1.08,-1.22,-0.14
FC(F)(F)*,c1cc(*)cs1,2,0.01,-1.4,-0.69,0.7
C1CC(*)C1,COc1ccc(*)cc1,2,-0.81,-0.43,-1.03,-0.59
C1CC(*)C1,Cc1ccc(*)cc1,2,-0.63,-0.55,-0.9,-0.35
C1CC(*)C1,Fc1cccc(*)c1,2,-0.32,-0.5,-0.57,-0.07
C1CC(*)C1,Fc1ccccc1*,2,-0.26,-0.5,-0.51,-0.01
c1ccc(C*)cc1,c1cc(*)cs1,2,0.82,0.57,1.1,0.53
c1ccc(C*)cc1,c1cncc(*)c1,2,1.3,0.3,1.45,1.15
c1ccc(C*)cc1,Fc1ccccc1*,2,0.73,0.38,0.93,0.54
c1ccc(C*)cc1,Cc1ccc(*)cc1,2,0.37,0.33,0.54,0.2
c1ccc(C*)cc1,COc1ccc(*)cc1,2,0.18,0.45,0.41,-0.04
c1ccc(C*)cc1,CCC*,2,1.13,0.74,1.49,0.76
c1ccc(C*)cc1,CC(C)C*,2,0.62,0.08,0.66,0.58
C1CCC(*)C1,Br*,2,0.25,1.26,0.88,-0.38
C1CCC(*)C1,Fc1ccccc1*,2,-0.37,-0.22,-0.48,-0.26
C1CCC(*)C1,Fc1cccc(*)c1,2,-0.43,-0.22,-0.54,-0.32
C1CCC(*)C1,Cc1ccc(*)cc1,2,-0.74,-0.27,-0.87,-0.6
C1CCC(*)C1,COc1ccc(*)cc1,2,-0.92,-0.15,-1.0,-0.85
C1CCC(*)C1,CC(C)C*,2,-0.42,0.23,-0.3,-0.53
C1CCC(*)C1,C=C*,2,1.06,0.66,1.39,0.73
C1CC(*)C1,Cl*,2,-0.05,0.34,0.12,-0.22
C1CC(*)C1,c1ccc(C*)cc1,2,-1.0,-0.88,-1.44,-0.55
C1CC(*)C1,C1CC1*,2,0.47,0.92,0.93,0.02
C1CC(*)C1,FC1(F)CC(*)C1,2,-0.51,-0.44,-0.73,-0.28
C1CC(*)C1,c1cc(*)cs1,2,-0.18,-0.32,-0.34,-0.02
N#Cc1ccc(*)cc1,c1ccc(*)cc1,2,-0.14,-0.33,-0.31,0.02
Fc1ccc(N*)cc1Cl,COc1cc(N*)cc(OC)c1OC,2,0.35,-0.01,0.34,0.35
Br*,C1CCC(*)C1,2,-0.25,-1.26,-0.88,0.38
O=C(O)c1cccc(*)c1,c1ccc(*)cc1,2,-0.12,0.45,0.1,-0.35
Fc1ccc(*)cc1,O=C(O)c1cccc(*)c1,2,0.38,-0.73,0.01,0.74
Fc1ccc(*)cc1,Cc1ccccc1C*,2,-0.85,-0.56,-1.13,-0.57
Clc1ccc(*)cc1,c1ccc(C*)cc1,2,-0.96,-0.25,-1.09,-0.83
Clc1ccc(*)cc1,Fc1ccc(C*)cc1,2,-1.22,0.46,-0.99,-1.45
Clc1ccc(*)cc1,Clc1ccc(*)cc1Cl,2,0.11,0.1,0.16,0.06
Clc1ccc(*)cc1,N#Cc1ccc(*)cc1,2,0.01,0.56,0.29,-0.27
Clc1ccc(*)cc1,Cc1ccccc1C*,2,-0.92,-0.54,-1.19,-0.65
Clc1ccc(*)cc1,Cc1cccc(*)c1,2,0.08,-0.89,-0.37,0.53
Clc1ccc(*)cc1Cl,Clc1ccc(*)cc1,2,-0.11,-0.1,-0.16,-0.06
O=C(O)c1cccc(*)c1,Clc1cccc(*)c1,2,0.08,0.5,0.33,-0.17
Fc1ccc(*)cc1,c1ccc(C*)cc1,2,-0.89,-0.28,-1.03,-0.76
O=C(O)c1cccc(*)c1,Fc1ccc(*)cc1,2,-0.38,0.73,-0.01,-0.74
O=C(O)c1cccc(*)c1,Cc1cccc(*)c1,2,-0.39,0.19,-0.3,-0.49
N#Cc1ccc(*)cc1,Clc1ccc(*)cc1,2,-0.01,-0.56,-0.29,0.27
Cc1ccccc1C*,c1ccc(C*)cc1,2,-0.04,0.28,0.1,-0.18
Cc1ccccc1C*,c1ccc(*)cc1,2,0.63,0.58,0.92,0.34
Cc1ccccc1C*,Fc1cccc(*)c1,2,0.79,0.73,1.15,0.43
Cc1ccccc1C*,Clc1cccc(*)c1,2,0.71,0.72,1.06,0.35
Cc1ccccc1C*,Fc1ccc(*)cc1,2,0.85,0.56,1.13,0.57
Cc1ccccc1C*,Clc1ccc(*)cc1,2,0.92,0.54,1.19,0.65
Fc1ccc(*)cc1,Fc1ccc(C*)cc1,2,-1.08,0.51,-0.82,-1.33
Clc1cccc(*)c1,Cc1ccccc1C*,2,-0.71,-0.72,-1.06,-0.35
Fc1ccc(N*)cc1Cl,COc1cc(N*)ccc1F,2,0.44,-0.16,0.35,0.52
c1ccc(C*)cc1,Cc1ccccc1C*,2,0.04,-0.28,-0.1,0.18
O=C(C*)Nc1ccc(Cl)cc1,CC(C(=O)Nc1ccc(Cl)cc1)*,2,0.33,0.76,0.71,-0.05
CC(C(=O)Nc1ccc(Cl)cc1)*,O=C(C*)Nc1ccc(Cl)cc1,2,-0.33,-0.76,-0.71,0.05
OCC*,C*,2,-0.32,-0.12,-0.38,-0.26
C*,OCC*,2,0.32,0.12,0.38,0.26
O*,Cl*,2,0.31,-0.44,0.09,0.53
Cl*,O*,2,-0.31,0.44,-0.09,-0.53
c1ccc(C*)cc1,Clc1cccc(*)c1,2,0.75,0.43,0.96,0.53
c1ccc(C*)cc1,Fc1ccc(*)cc1,2,0.89,0.28,1.03,0.76
c1ccc(C*)cc1,Clc1ccc(*)cc1,2,0.96,0.25,1.09,0.83
c1ccc(C*)cc1,Cc1cccc(*)c1,2,1.04,-0.64,0.72,1.36
Clc1cccc(*)c1,O=C(O)c1cccc(*)c1,2,-0.08,-0.5,-0.33,0.17
Fc1ccc(C*)cc1,Fc1cccc(*)c1,2,0.95,-0.13,0.88,1.01
Fc1ccc(C*)cc1,Fc1ccc(*)cc1,2,1.08,-0.51,0.82,1.33
Fc1ccc(C*)cc1,Clc1ccc(*)cc1,2,1.22,-0.46,0.99,1.45
c1ccc(*)cc1,O=C(O)c1cccc(*)c1,2,0.12,-0.45,-0.1,0.35
c1ccc(*)cc1,Cc1ccccc1C*,2,-0.63,-0.58,-0.92,-0.34
Fc1cccc(*)c1,Fc1ccc(C*)cc1,2,-0.95,0.13,-0.88,-1.01
Fc1cccc(*)c1,Cc1ccccc1C*,2,-0.79,-0.73,-1.15,-0.43
Fc1cccc(*)c1,Cc1cccc(*)c1,2,0.21,-1.08,-0.33,0.75
Clc1cccc(*)c1,c1ccc(C*)cc1,2,-0.75,-0.43,-0.96,-0.53
Cc1ccccc1C*,Cc1cccc(*)c1,2,1.0,-0.36,0.82,1.18
Cc1cccc(*)c1,c1ccc(C*)cc1,2,-1.04,0.64,-0.72,-1.36
Cc1cccc(*)c1,Fc1cccc(*)c1,2,-0.21,1.08,0.33,-0.75
COc1cc(N*)ccc1F,COc1cc(N*)cc(OC)c1OC,2,-0.09,0.15,-0.01,-0.16
COc1cc(*)cc(OC)c1OC,Fc1ccc(*)cc1Cl,2,-0.35,0.01,-0.34,-0.35
Fc1ccc(*)cc1,FC(F)(F)c1ccc(*)cc1,2,-0.81,-0.38,-1.0,-0.62
Fc1ccc(*)cc1OC(F)(F)F,COc1cc(*)ccc1F,2,-0.15,-0.18,-0.24,-0.06
Fc1ccc(*)cc1OC(F)(F)F,COc1cc(*)cc(OC)c1OC,2,-0.24,-0.03,-0.25,-0.22
Fc1ccc(*)cc1OC(F)(F)F,Fc1ccc(*)cc1Cl,2,-0.58,-0.02,-0.59,-0.57
Fc1ccc(*)cc1Cl,COc1cc(*)ccc1F,2,0.44,-0.16,0.35,0.52
Fc1ccc(*)cc1Cl,COc1cc(*)cc(OC)c1OC,2,0.35,-0.01,0.34,0.35
Fc1ccc(*)cc1Cl,Fc1ccc(*)cc1OC(F)(F)F,2,0.58,0.02,0.59,0.57
FC(F)(F)c1ccc(*)cc1,Fc1ccc(*)cc1,2,0.81,0.38,1.0,0.62
COc1cc(N*)ccc1F,Fc1ccc(N*)cc1OC(F)(F)F,2,0.15,0.18,0.24,0.06
Cc1cccc(*)c1,Clc1ccc(*)cc1,2,-0.08,0.89,0.37,-0.53
COc1cc(N*)ccc1F,Fc1ccc(N*)cc1Cl,2,-0.44,0.16,-0.35,-0.52
COc1cc(N*)cc(OC)c1OC,COc1cc(N*)ccc1F,2,0.09,-0.15,0.01,0.16
COc1cc(N*)cc(OC)c1OC,Fc1ccc(N*)cc1OC(F)(F)F,2,0.24,0.03,0.25,0.22
COc1cc(N*)cc(OC)c1OC,Fc1ccc(N*)cc1Cl,2,-0.35,0.01,-0.34,-0.35
Fc1ccc(N*)cc1,Fc1ccc(N*)cc1F,2,0.34,-0.02,0.33,0.35
Fc1ccc(N*)cc1OC(F)(F)F,COc1cc(N*)ccc1F,2,-0.15,-0.18,-0.24,-0.06
Fc1ccc(N*)cc1OC(F)(F)F,COc1cc(N*)cc(OC)c1OC,2,-0.24,-0.03,-0.25,-0.22
Fc1ccc(N*)cc1OC(F)(F)F,Fc1ccc(N*)cc1Cl,2,-0.58,-0.02,-0.59,-0.57
Fc1ccc(N*)cc1F,Fc1ccc(N*)cc1,2,-0.34,0.02,-0.33,-0.35
COc1cc(*)cc(OC)c1OC,Fc1ccc(*)cc1OC(F)(F)F,2,0.24,0.03,0.25,0.22
COc1cc(*)cc(OC)c1OC,COc1cc(*)ccc1F,2,0.09,-0.15,0.01,0.16
COc1cc(*)ccc1F,Fc1ccc(*)cc1Cl,2,-0.44,0.16,-0.35,-0.52
COc1cc(*)ccc1F,Fc1ccc(*)cc1OC(F)(F)F,2,0.15,0.18,0.24,0.06
Cc1cccc(*)c1,O=C(O)c1cccc(*)c1,2,0.39,-0.19,0.3,0.49
Cc1cccc(*)c1,Cc1ccccc1C*,2,-1.0,0.36,-0.82,-1.18
C*,FC(F)*,2,-0.02,0.09,0.02,-0.06
FC(F)*,C*,2,0.02,-0.09,-0.02,0.06
C*,CCC*,2,-0.54,-0.13,-0.61,-0.48
C*,C1CC1C*,2,0.1,0.07,0.13,0.07
CCC*,C*,2,0.54,0.13,0.61,0.48
CCC*,CC(C)*,2,-0.07,-0.04,-0.1,-0.05
C1CC1C*,C*,2,-0.1,-0.07,-0.13,-0.07
CC(C)*,CCC*,2,0.07,0.04,0.1,0.05
C*,CC(=O)N*,2,0.23,0.35,0.4,0.05
CC(=O)N*,C*,2,-0.23,-0.35,-0.4,-0.05
CO*,CC(C)O*,2,-0.06,0.01,-0.06,-0.07
FC(F)(F)O*,Cl*,2,-0.58,-0.02,-0.59,-0.57
CC(C)O*,CO*,2,0.06,-0.01,0.06,0.07
Cl*,FC(F)(F)O*,2,0.58,0.02,0.59,0.57
FC(F)(F)O*,F*,2,0.24,0.24,0.36,0.12
F*,FC(F)(F)O*,2,-0.24,-0.24,-0.36,-0.12
COc1cc(*)ccc1F,COc1cc(*)cc(OC)c1OC,2,-0.09,0.15,-0.01,-0.16
FC(F)(F)*,CC(C)C*,2,-0.46,-1.37,-1.15,0.23
Br*,FC1(F)CC(*)C1,2,-0.89,-0.74,-1.26,-0.52
Cc1ccccc1*,COC1CCCC(*)C1,2,0.42,1.21,1.03,-0.18
C1CC[C@H](*)NC1,Oc1ccc(*)cc1,2,-0.11,0.54,0.16,-0.38
O=[N+]([O-])c1ccccc1*,C1CC[C@H](*)NC1,2,0.38,-1.32,-0.29,1.04
O=[N+]([O-])c1ccccc1*,C1CC[C@@H](*)NC1,2,-0.01,-0.33,-0.18,0.15
O=[N+]([O-])c1cccc(*)c1,O=[N+]([O-])c1ccc(*)cc1,2,-0.09,0.19,0.0,-0.19
O=[N+]([O-])c1ccc(*)cc1,O=[N+]([O-])c1cccc(*)c1,2,0.09,-0.19,-0.0,0.19
C1CN[C@@H](*)C1,Oc1ccc(*)cc1,2,0.35,-0.28,0.22,0.49
C1CN[C@@H](*)C1,O[C@@H]1CCCC[C@@H]1*,2,1.45,-0.54,1.18,1.73
C1CN[C@@H](*)C1,O=[N+]([O-])c1ccccc1*,2,0.09,0.51,0.34,-0.17
C1CN[C@@H](*)C1,C1CC[C@H](*)NC1,2,0.46,-0.81,0.06,0.87
C1CN[C@@H](*)C1,C1CC[C@@H](*)NC1,2,0.07,0.18,0.16,-0.02
C1CC[C@H](*)NC1,O[C@@H]1CCCC[C@@H]1*,2,0.99,0.27,1.13,0.86
O=[N+]([O-])c1ccccc1*,O[C@@H]1CCCC[C@@H]1*,2,1.37,-1.06,0.84,1.9
C1CC[C@H](*)NC1,O=[N+]([O-])c1ccccc1*,2,-0.38,1.32,0.29,-1.04
C1CC[C@H](*)NC1,C1CN[C@@H](*)C1,2,-0.46,0.81,-0.06,-0.87
C1CC[C@H](*)NC1,C1CC[C@@H](*)NC1,2,-0.39,0.99,0.1,-0.89
C1CC[C@@H](*)NC1,Oc1ccc(*)cc1,2,0.28,-0.45,0.05,0.51
C1CC[C@@H](*)NC1,O[C@@H]1CCCC[C@@H]1*,2,1.38,-0.72,1.02,1.74
C1CC[C@@H](*)NC1,O=[N+]([O-])c1ccccc1*,2,0.01,0.33,0.18,-0.15
C1CC[C@@H](*)NC1,C1CN[C@@H](*)C1,2,-0.07,-0.18,-0.16,0.02
C1CC[C@@H](*)NC1,C1CC[C@H](*)NC1,2,0.39,-0.99,-0.1,0.89
Oc1ccc(C*)cc1,O[C@@H]1CCCC[C@H]1C*,2,1.1,-0.27,0.97,1.23
O=[N+]([O-])c1ccccc1*,C1CN[C@@H](*)C1,2,-0.09,-0.51,-0.34,0.17
O=[N+]([O-])c1ccccc1*,Oc1ccc(*)cc1,2,0.27,-0.79,-0.13,0.66
Fc1cccc(*)c1,Clc1ccc(*)cc1Cl,2,0.34,-0.08,0.3,0.37
Brc1ccc(*)cc1,Fc1ccc(*)cc1F,2,-0.06,0.23,0.06,-0.17
Clc1cccc(*)c1,Clc1ccc(*)cc1Cl,2,0.19,0.09,0.24,0.15
Fc1ccc(*)cc1F,Fc1cccc(*)c1,2,-0.44,-0.15,-0.52,-0.37
Fc1ccc(*)cc1F,Clc1ccc(*)cc1Cl,2,0.17,-0.13,0.11,0.23
Fc1ccc(*)cc1F,Brc1ccc(*)cc1,2,0.06,-0.23,-0.06,0.17
Clc1ccc(*)cc1Cl,Fc1cccc(*)c1,2,-0.34,0.08,-0.3,-0.37
Clc1ccc(*)cc1Cl,Clc1cccc(*)c1,2,-0.19,-0.09,-0.24,-0.15
Clc1ccc(*)cc1Cl,Fc1ccc(*)cc1F,2,-0.17,0.13,-0.11,-0.23
Clc1ccc(*)cc1Cl,Brc1ccc(*)cc1,2,-0.11,-0.1,-0.16,-0.06
Brc1ccc(*)cc1,Fc1cccc(*)c1,2,-0.01,-0.07,-0.05,0.02
Brc1ccc(*)cc1,Clc1ccc(*)cc1Cl,2,0.11,0.1,0.16,0.06
O[C@@H]1CCCC[C@@H]1*,C1CC[C@@H](*)NC1,2,-1.38,0.72,-1.02,-1.74
Oc1ccc(*)cc1,O[C@@H]1CCCC[C@@H]1*,2,1.1,-0.27,0.97,1.23
Oc1ccc(*)cc1,O=[N+]([O-])c1ccccc1*,2,-0.27,0.79,0.13,-0.66
Oc1ccc(*)cc1,C1CN[C@@H](*)C1,2,-0.35,0.28,-0.22,-0.49
Oc1ccc(*)cc1,C1CC[C@H](*)NC1,2,0.11,-0.54,-0.16,0.38
Oc1ccc(*)cc1,C1CC[C@@H](*)NC1,2,-0.28,0.45,-0.05,-0.51
O[C@@H]1CCCC[C@@H]1*,Oc1ccc(*)cc1,2,-1.1,0.27,-0.97,-1.23
O[C@@H]1CCCC[C@@H]1*,O=[N+]([O-])c1ccccc1*,2,-1.37,1.06,-0.84,-1.9
O[C@@H]1CCCC[C@@H]1*,C1CN[C@@H](*)C1,2,-1.45,0.54,-1.18,-1.73
O[C@@H]1CCCC[C@@H]1*,C1CC[C@H](*)NC1,2,-0.99,-0.27,-1.13,-0.86
Oc1ccc(C*)cc1,O=[N+]([O-])c1ccccc1C*,2,-0.27,0.79,0.13,-0.66
Oc1ccc(C*)cc1,C1CN[C@@H](C*)C1,2,-0.35,0.28,-0.22,-0.49
Oc1ccc(C*)cc1,C1CC[C@H](C*)NC1,2,0.11,-0.54,-0.16,0.38
O[C@@H]1CCCC[C@H]1CN*,C1CC[C@@H](CN*)NC1,2,-1.38,0.72,-1.02,-1.74
C1CC[C@@H](C*)NC1,C1CN[C@@H](C*)C1,2,-0.07,-0.18,-0.16,0.02
C1CC[C@@H](C*)NC1,C1CC[C@H](C*)NC1,2,0.39,-0.99,-0.1,0.89
Oc1ccc(CN*)cc1,O[C@@H]1CCCC[C@H]1CN*,2,1.1,-0.27,0.97,1.23
Oc1ccc(CN*)cc1,C1CN[C@@H](CN*)C1,2,-0.35,0.28,-0.22,-0.49
Oc1ccc(CN*)cc1,C1CC[C@H](CN*)NC1,2,0.11,-0.54,-0.16,0.38
Oc1ccc(CN*)cc1,C1CC[C@@H](CN*)NC1,2,-0.28,0.45,-0.05,-0.51
O[C@@H]1CCCC[C@H]1CN*,Oc1ccc(CN*)cc1,2,-1.1,0.27,-0.97,-1.23
O[C@@H]1CCCC[C@H]1CN*,C1CN[C@@H](CN*)C1,2,-1.45,0.54,-1.18,-1.73
O[C@@H]1CCCC[C@H]1CN*,C1CC[C@H](CN*)NC1,2,-0.99,-0.27,-1.13,-0.86
C1CN[C@@H](CN*)C1,Oc1ccc(CN*)cc1,2,0.35,-0.28,0.22,0.49
Oc1ccc(C*)cc1,C1CC[C@@H](C*)NC1,2,-0.28,0.45,-0.05,-0.51
C1CN[C@@H](CN*)C1,O[C@@H]1CCCC[C@H]1CN*,2,1.45,-0.54,1.18,1.73
C1CN[C@@H](CN*)C1,C1CC[C@H](CN*)NC1,2,0.46,-0.81,0.06,0.87
C1CN[C@@H](CN*)C1,C1CC[C@@H](CN*)NC1,2,0.07,0.18,0.16,-0.02
C1CC[C@H](CN*)NC1,Oc1ccc(CN*)cc1,2,-0.11,0.54,0.16,-0.38
C1CC[C@H](CN*)NC1,O[C@@H]1CCCC[C@H]1CN*,2,0.99,0.27,1.13,0.86
C1CC[C@H](CN*)NC1,C1CN[C@@H](CN*)C1,2,-0.46,0.81,-0.06,-0.87
C1CC[C@H](CN*)NC1,C1CC[C@@H](CN*)NC1,2,-0.39,0.99,0.1,-0.89
C1CC[C@@H](CN*)NC1,Oc1ccc(CN*)cc1,2,0.28,-0.45,0.05,0.51
C1CC[C@@H](CN*)NC1,O[C@@H]1CCCC[C@H]1CN*,2,1.38,-0.72,1.02,1.74
C1CC[C@@H](C*)NC1,O=[N+]([O-])c1ccccc1C*,2,0.01,0.33,0.18,-0.15
C1CC[C@@H](C*)NC1,O[C@@H]1CCCC[C@H]1C*,2,1.38,-0.72,1.02,1.74
C1CC[C@@H](C*)NC1,Oc1ccc(C*)cc1,2,0.28,-0.45,0.05,0.51
C1CC[C@H](C*)NC1,C1CC[C@@H](C*)NC1,2,-0.39,0.99,0.1,-0.89
O[C@@H]1CCCC[C@H]1C*,Oc1ccc(C*)cc1,2,-1.1,0.27,-0.97,-1.23
O[C@@H]1CCCC[C@H]1C*,O=[N+]([O-])c1ccccc1C*,2,-1.37,1.06,-0.84,-1.9
O[C@@H]1CCCC[C@H]1C*,C1CN[C@@H](C*)C1,2,-1.45,0.54,-1.18,-1.73
O[C@@H]1CCCC[C@H]1C*,C1CC[C@H](C*)NC1,2,-0.99,-0.27,-1.13,-0.86
O[C@@H]1CCCC[C@H]1C*,C1CC[C@@H](C*)NC1,2,-1.38,0.72,-1.02,-1.74
O=[N+]([O-])c1ccccc1C*,Oc1ccc(C*)cc1,2,0.27,-0.79,-0.13,0.66
O=[N+]([O-])c1ccccc1C*,O[C@@H]1CCCC[C@H]1C*,2,1.37,-1.06,0.84,1.9
O=[N+]([O-])c1ccccc1C*,C1CN[C@@H](C*)C1,2,-0.09,-0.51,-0.34,0.17
O=[N+]([O-])c1ccccc1C*,C1CC[C@H](C*)NC1,2,0.38,-1.32,-0.29,1.04
O=[N+]([O-])c1ccccc1C*,C1CC[C@@H](C*)NC1,2,-0.01,-0.33,-0.18,0.15
C1CN[C@@H](C*)C1,Oc1ccc(C*)cc1,2,0.35,-0.28,0.22,0.49
C1CN[C@@H](C*)C1,O[C@@H]1CCCC[C@H]1C*,2,1.45,-0.54,1.18,1.73
C1CN[C@@H](C*)C1,O=[N+]([O-])c1ccccc1C*,2,0.09,0.51,0.34,-0.17
C1CN[C@@H](C*)C1,C1CC[C@H](C*)NC1,2,0.46,-0.81,0.06,0.87
C1CN[C@@H](C*)C1,C1CC[C@@H](C*)NC1,2,0.07,0.18,0.16,-0.02
C1CC[C@H](C*)NC1,Oc1ccc(C*)cc1,2,-0.11,0.54,0.16,-0.38
C1CC[C@H](C*)NC1,O[C@@H]1CCCC[C@H]1C*,2,0.99,0.27,1.13,0.86
C1CC[C@H](C*)NC1,O=[N+]([O-])c1ccccc1C*,2,-0.38,1.32,0.29,-1.04
C1CC[C@H](C*)NC1,C1CN[C@@H](C*)C1,2,-0.46,0.81,-0.06,-0.87
Fc1cccc(*)c1,Brc1ccc(*)cc1,2,0.01,0.07,0.05,-0.02
Fc1cccc(*)c1,Fc1ccc(*)cc1F,2,0.44,0.15,0.52,0.37
Br*,c1cc(*)cs1,2,-0.2,-1.05,-0.73,0.32
Fc1cccc(*)c1,c1cncc(*)c1,2,0.37,0.06,0.4,0.34
Fc1ccccc1*,c1ccc(*)cc1,2,0.05,0.0,0.06,0.05
Fc1ccccc1*,Cc1ccc(*)cc1,2,-0.36,-0.05,-0.39,-0.34
Fc1ccccc1*,COc1ccc(*)cc1,2,-0.55,0.07,-0.52,-0.58
c1ccc(*)cc1,Br*,2,0.36,1.13,0.93,-0.2
c1ccc(*)cc1,c1cncc(*)c1,2,0.16,0.36,0.34,-0.02
c1ccc(*)cc1,Fc1ccccc1*,2,-0.05,-0.0,-0.06,-0.05
c1ccc(*)cc1,CC(C)C*,2,-0.3,0.1,-0.25,-0.35
Fc1cccc(*)c1,C1CCC(*)C1,2,0.43,0.22,0.54,0.32
Fc1cccc(*)c1,C1CC(*)C1,2,0.32,0.5,0.57,0.07
Fc1cccc(*)c1,Cc1ccc(*)cc1,2,-0.31,-0.05,-0.34,-0.28
Fc1ccccc1*,C1CCC(*)C1,2,0.37,0.22,0.48,0.26
Fc1cccc(*)c1,COc1ccc(*)cc1,2,-0.5,0.07,-0.46,-0.53
Cc1ccc(*)cc1,c1ccc(C*)cc1,2,-0.37,-0.33,-0.54,-0.2
Cc1ccc(*)cc1,C1CCC(*)C1,2,0.74,0.27,0.87,0.6
Cc1ccc(*)cc1,C1CC(*)C1,2,0.63,0.55,0.9,0.35
Cc1ccc(*)cc1,c1cc(*)cs1,2,0.45,0.23,0.56,0.33
Cc1ccc(*)cc1,Fc1ccccc1*,2,0.36,0.05,0.39,0.34
Cc1ccc(*)cc1,Fc1cccc(*)c1,2,0.31,0.05,0.34,0.28
Cc1ccc(*)cc1,COc1ccc(*)cc1,2,-0.18,0.12,-0.13,-0.24
COc1ccc(*)cc1,c1ccc(C*)cc1,2,-0.18,-0.45,-0.41,0.04
Fc1ccccc1*,C1CC(*)C1,2,0.26,0.5,0.51,0.01
Fc1ccccc1*,c1ccc(C*)cc1,2,-0.73,-0.38,-0.93,-0.54
C=C*,CC(C)(C)*,2,-1.78,-0.17,-1.86,-1.69
c1cc(*)cs1,FC(F)(F)*,2,-0.01,1.4,0.69,-0.7
Br*,c1ccc(*)cc1,2,-0.36,-1.13,-0.93,0.2
Br*,CC*,2,0.76,-0.03,0.75,0.78
Br*,CCC*,2,0.12,-0.3,-0.03,0.26
Br*,CC(C)C*,2,-0.67,-1.03,-1.18,-0.15
Br*,CC(C)(C)*,2,-0.97,-0.78,-1.36,-0.58
Br*,C=C*,2,0.81,-0.61,0.51,1.11
c1cc(*)cs1,c1ccc(C*)cc1,2,-0.82,-0.57,-1.1,-0.53
c1cc(*)cs1,C1CC(*)C1,2,0.18,0.32,0.34,0.02
c1cc(*)cs1,FC1(F)CC(*)C1,2,-0.69,0.31,-0.53,-0.84
c1cc(*)cs1,Br*,2,0.2,1.05,0.73,-0.32
c1cncc(*)c1,Fc1cccc(*)c1,2,-0.37,-0.06,-0.4,-0.34
c1cc(*)cs1,Cc1ccc(*)cc1,2,-0.45,-0.23,-0.56,-0.33
c1cc(*)cs1,COc1ccc(*)cc1,2,-0.63,-0.12,-0.69,-0.57
c1cc(*)cs1,CC*,2,0.97,1.02,1.48,0.46
c1cc(*)cs1,CCC*,2,0.32,0.75,0.7,-0.06
c1cc(*)cs1,CC(C)C*,2,-0.46,0.02,-0.45,-0.48
c1cc(*)cs1,CC(C)(C)*,2,-0.76,0.27,-0.62,-0.9
c1cc(*)cs1,C=C*,2,1.01,0.45,1.24,0.79
c1cncc(*)c1,c1ccc(C*)cc1,2,-1.3,-0.3,-1.45,-1.15
c1cncc(*)c1,c1ccc(*)cc1,2,-0.16,-0.36,-0.34,0.02
COc1ccc(*)cc1,C1CCC(*)C1,2,0.92,0.15,1.0,0.85
COc1ccc(*)cc1,C1CC(*)C1,2,0.81,0.43,1.03,0.59
COc1ccc(*)cc1,c1cc(*)cs1,2,0.63,0.12,0.69,0.57
CC(C)(C)*,Br*,2,0.97,0.78,1.36,0.58
CC(C)C*,c1cc(*)cs1,2,0.46,-0.02,0.45,0.48
CC(C)C*,c1ccc(*)cc1,2,0.3,-0.1,0.25,0.35
CC(C)C*,CC*,2,1.43,1.0,1.93,0.93
CC(C)C*,CCC*,2,0.78,0.73,1.15,0.42
CC(C)C*,CC(C)(C)*,2,-0.3,0.25,-0.17,-0.42
CC(C)C*,C=C*,2,1.48,0.43,1.69,1.27
CC(C)(C)*,Cl*,2,0.75,0.17,0.83,0.66
CC(C)(C)*,C1CC1*,2,1.2,0.98,1.69,0.71
CC(C)(C)*,FC1(F)CC(*)C1,2,0.07,0.04,0.09,0.05
CC(C)(C)*,c1cc(*)cs1,2,0.76,-0.27,0.62,0.9
COc1ccc(*)cc1,Fc1ccccc1*,2,0.55,-0.07,0.52,0.58
CC(C)(C)*,CC(C)C*,2,0.3,-0.25,0.17,0.42
CC(C)(C)*,C=C*,2,1.78,0.17,1.86,1.69
C=C*,C1CCC(*)C1,2,-1.06,-0.66,-1.39,-0.73
C=C*,FC1(F)CC(*)C1,2,-1.7,-0.13,-1.77,-1.63
C=C*,Br*,2,-0.81,0.61,-0.51,-1.11
C=C*,c1cc(*)cs1,2,-1.01,-0.45,-1.24,-0.79
C=C*,CC*,2,-0.04,0.57,0.24,-0.33
C=C*,CCC*,2,-0.69,0.31,-0.54,-0.85
C=C*,CC(C)C*,2,-1.48,-0.43,-1.69,-1.27
CC(C)C*,Br*,2,0.67,1.03,1.18,0.15
CC(C)C*,FC(F)(F)*,2,0.46,1.37,1.15,-0.23
CC(C)C*,FC1(F)CC(*)C1,2,-0.22,0.29,-0.08,-0.37
CC(C)C*,C1CC1*,2,0.9,1.23,1.52,0.28
COc1ccc(*)cc1,Fc1cccc(*)c1,2,0.5,-0.07,0.46,0.53
COc1ccc(*)cc1,Cc1ccc(*)cc1,2,0.18,-0.12,0.13,0.24
CC*,FC1(F)CC(*)C1,2,-1.66,-0.71,-2.01,-1.3
CC*,Br*,2,-0.76,0.03,-0.75,-0.78
CC*,c1cc(*)cs1,2,-0.97,-1.02,-1.48,-0.46
CC*,CC(C)C*,2,-1.43,-1.0,-1.93,-0.93
CC*,C=C*,2,0.04,-0.57,-0.24,0.33
CCC*,Cl*,2,-0.34,-0.31,-0.49,-0.18
CCC*,c1ccc(C*)cc1,2,-1.13,-0.74,-1.49,-0.76
CCC*,C1CC(*)C1,2,-0.17,-0.02,-0.18,-0.15
CCC*,C1CC1*,2,0.12,0.5,0.37,-0.13
CCC*,FC1(F)CC(*)C1,2,-1.01,-0.44,-1.23,-0.79
CCC*,Br*,2,-0.12,0.3,0.03,-0.26
CCC*,c1cc(*)cs1,2,-0.32,-0.75,-0.7,0.06
CCC*,CC(C)C*,2,-0.78,-0.73,-1.15,-0.42
CCC*,C=C*,2,0.69,-0.31,0.54,0.85
CC(C)C*,Cl*,2,0.45,0.42,0.66,0.24
CC(C)C*,c1ccc(C*)cc1,2,-0.62,-0.08,-0.66,-0.58
CC(C)C*,C1CCC(*)C1,2,0.42,-0.23,0.3,0.53
CC(C)(C)*,CC(C)*,2,0.36,0.25,0.48,0.23
CC(C)(C)*,O*,2,0.75,0.9,1.21,0.3
CC(C)*,CC(C)(C)*,2,-0.36,-0.25,-0.48,-0.23
CC1CCC(*)CC1,OC1CCC(*)CC1,2,-0.36,0.36,-0.19,-0.54
CC1CCCC(*)C1,Cc1ccccc1*,2,-1.0,-1.13,-1.57,-0.44
CC1CCCC(*)C1,COC1CCCC(*)C1,2,-0.58,0.08,-0.54,-0.62
CC1CCCC(*)C1,CCC1CCC(*)CC1,2,-0.42,-0.07,-0.46,-0.39
CC1CCCC(*)C1,CC1CCC(*)CC1,2,-0.11,-0.12,-0.17,-0.05
CC1CCCC(*)C1,CC1(C)CCCC(*)C1,2,-0.2,-0.56,-0.48,0.07
C1CC[C@@H](CN*)NC1,C1CN[C@@H](CN*)C1,2,-0.07,-0.18,-0.16,0.02
CC1CCCC(*)C1,CC(C1CCCCC1)*,2,-0.52,-0.44,-0.73,-0.3
CC1CCCC(*)C1,CC(C)C1CCC(*)CC1,2,-0.87,-0.41,-1.08,-0.66
CC1CCCC(*)C1,CC(C)(C)C1CCC(*)CC1,2,-1.23,-0.67,-1.56,-0.89
CC1CCC(*)CC1,c1ccc(*)cc1,2,-0.44,-0.32,-0.6,-0.28
CC1CCCC(*)C1,C1CC(C2CCC(*)CC2)C1,2,-0.91,-0.37,-1.1,-0.73
CC1CCC(*)CC1,C1CCCC(*)CC1,2,0.12,0.11,0.18,0.07
CC1CCC(*)CC1,c1ccc(C2CCCC2*)cc1,2,-0.9,0.1,-0.86,-0.95
CC1CCC(*)CC1,FC(F)(F)C1CCCC(*)C1,2,-0.37,-0.18,-0.46,-0.28
CC1CCC(*)CC1,C1CCC2CC(*)CCC2C1,2,-0.7,-0.51,-0.95,-0.45
CC1CCC(*)CC1,C1CC(*)C1,2,-0.14,0.13,-0.08,-0.21
CC1CCC(*)CC1,c1ccc(C2CCC(*)CC2)cc1,2,-0.7,0.1,-0.64,-0.75
CC1CCC(*)CC1,C1CC(C2CCC(*)CC2)C1,2,-0.8,-0.25,-0.93,-0.68
CC1CCC(*)CC1,FC(F)(F)C1CCC(*)CC1,2,-0.23,-0.24,-0.35,-0.11
CC1CCC(*)CC1,C1CCC(C*)CC1,2,-0.11,0.16,-0.03,-0.2
CC1CCCC(*)C1,FC(F)(F)C1CCC(*)CC1,2,-0.34,-0.36,-0.52,-0.16
CC1CCCC(*)C1,c1ccc(C2CCC(*)CC2)cc1,2,-0.8,-0.01,-0.81,-0.8
CC1CCCC1*,CC1(C)CCC(*)CC1,2,-0.47,0.97,0.02,-0.95
CC1CCCC(C*)C1,CC1(C)CCC(C*)CC1,2,-0.34,-0.21,-0.44,-0.23
CC1CCCC1*,CC1(C)CC(*)C1,2,0.05,1.38,0.74,-0.63
CC1CCCC(C*)C1,C1CCC(*)CC1,2,0.53,-0.02,0.52,0.54
CC1CCCC(C*)C1,C1CCC(*)C1,2,0.45,0.05,0.47,0.42
CC1CCCC(C*)C1,C1CCC(C*)CC1,2,0.12,0.22,0.23,0.01
CC1CCCC(C*)C1,C1CCC(C*)C1,2,0.13,-0.04,0.11,0.15
CC1CCCC(C*)C1,CC1CCCCC1C*,2,0.0,-0.24,-0.12,0.12
CC1CCCC(C*)C1,CC1CCCC1*,2,0.65,-0.87,0.22,1.08
CC1CCCC(C*)C1,CC1CCC(*)CC1,2,0.23,0.05,0.26,0.21
CC1CCCC(C*)C1,CC1CCC(*)C1,2,0.42,0.06,0.45,0.39
CC1CCCC(C*)C1,CC1(C)CCC(C*)C1,2,-0.15,-0.15,-0.22,-0.07
CC1CCCC(*)C1,C1CC(*)C1,2,-0.25,0.01,-0.24,-0.25
CC1CCCC(C*)C1,CC1(C)CCC(*)CC1,2,0.18,0.11,0.24,0.13
CC1CCCC(C*)C1,CC1(C)CCC(*)C1,2,0.37,-0.13,0.31,0.43
CC1CCCC(C*)C1,CC1(C)CC(*)C1,2,0.7,0.51,0.96,0.45
CC1CCCC(*)C1,OC1CCC(*)CC1,2,-0.47,0.24,-0.35,-0.59
CC1CCCC(*)C1,c1ccc(*)cc1,2,-0.55,-0.44,-0.77,-0.32
CC1CCCC(*)C1,C1CCCC(*)CC1,2,0.02,-0.0,0.01,0.02
CC1CCCC(*)C1,c1ccc(C2CCCC2*)cc1,2,-1.01,-0.02,-1.02,-1.0
CC1CCCC(*)C1,FC(F)(F)C1CCCC(*)C1,2,-0.48,-0.3,-0.63,-0.33
CC1CCCC(*)C1,C1CCC2CC(*)CCC2C1,2,-0.81,-0.62,-1.12,-0.5
CC1CCC(*)CC1,C1CCC(C*)C1,2,-0.1,-0.09,-0.14,-0.05
CC1CCC(*)CC1,Cc1ccccc1*,2,-0.89,-1.01,-1.4,-0.39
CC1CCC(*)CC1,COC1CCCC(*)C1,2,-0.47,0.2,-0.37,-0.57
CC1(C)CCCC(*)C1,FC(F)(F)C1CCCC(*)C1,2,-0.27,0.26,-0.14,-0.4
CC1CCC(*)C1,CC1(C)CCC(*)CC1,2,-0.24,0.05,-0.21,-0.26
CC1CCC(*)C1,CC1(C)CCC(*)C1,2,-0.05,-0.18,-0.14,0.04
CC1CCC(*)C1,CC1(C)CC(*)C1,2,0.28,0.45,0.51,0.06
CC1(C)CCCC(*)C1,OC1CCC(*)CC1,2,-0.27,0.79,0.13,-0.67
CC1(C)CCCC(*)C1,c1ccc(*)cc1,2,-0.34,0.11,-0.28,-0.4
CC1(C)CCCC(*)C1,C1CCCC(*)CC1,2,0.22,0.55,0.5,-0.06
CC1(C)CCCC(*)C1,C1CCC(*)CC1,2,0.23,0.54,0.5,-0.04
CC1(C)CCCC(*)C1,c1ccc(C2CCCC2*)cc1,2,-0.81,0.53,-0.54,-1.07
CC1(C)CCCC(*)C1,C1CCC(*)C1,2,0.24,0.6,0.53,-0.06
CC1(C)CCCC(*)C1,C1CCC2CC(*)CCC2C1,2,-0.61,-0.07,-0.64,-0.57
CC1CCC(*)CC1,CCC1CCC(*)CC1,2,-0.32,0.05,-0.29,-0.34
CC1(C)CCCC(*)C1,C1CC(*)C1,2,-0.04,0.57,0.24,-0.33
CC1(C)CCCC(*)C1,c1ccc(C2CCC(*)CC2)cc1,2,-0.6,0.54,-0.33,-0.87
CC1(C)CCCC(*)C1,C1CC(C2CCC(*)CC2)C1,2,-0.71,0.19,-0.61,-0.8
CC1(C)CCCC(*)C1,FC(F)(F)C1CCC(*)CC1,2,-0.13,0.2,-0.03,-0.23
CC1(C)CCCC(*)C1,Cc1ccccc1*,2,-0.8,-0.57,-1.08,-0.51
CC1(C)CCCC(*)C1,COC1CCCC(*)C1,2,-0.37,0.64,-0.06,-0.69
CC1(C)CCCC(*)C1,CCC1CCC(*)CC1,2,-0.22,0.48,0.02,-0.46
CC1(C)CCCC(*)C1,CC1CCCC(*)C1,2,0.2,0.56,0.48,-0.07
CC1(C)CCCC(*)C1,CC1CCC(*)CC1,2,0.1,0.44,0.32,-0.12
CC1CCC(*)C1,CC1(C)CCC(C*)C1,2,-0.57,-0.21,-0.68,-0.47
CC1CCC(*)C1,CC1(C)CCC(C*)CC1,2,-0.76,-0.27,-0.89,-0.62
CC1CCC(*)C1,CC1CCC(*)CC1,2,-0.19,-0.0,-0.19,-0.19
CC1CCC(*)C1,CC1CCCC(C*)C1,2,-0.42,-0.06,-0.45,-0.39
CC1CCC(*)CC1,CC1CCCCC1C*,2,-0.23,-0.29,-0.37,-0.08
CC1CCC(*)CC1,CC1CCCC1*,2,0.42,-0.92,-0.04,0.88
CC1CCC(*)CC1,CC1CCCC(C*)C1,2,-0.23,-0.05,-0.26,-0.21
CC1CCC(*)CC1,CC1CCCC(*)C1,2,0.11,0.12,0.17,0.05
CC1CCC(*)CC1,CC1CCC(*)C1,2,0.19,0.0,0.19,0.19
CC1CCC(*)CC1,CC1(C)CCCC(*)C1,2,-0.1,-0.44,-0.32,0.12
CC1CCC(*)CC1,CC1(C)CCC(C*)CC1,2,-0.57,-0.26,-0.7,-0.44
CC1CCC(*)CC1,CC1(C)CCC(C*)C1,2,-0.38,-0.2,-0.48,-0.28
CC1CCC(*)CC1,CC1(C)CC(*)C1,2,0.47,0.46,0.7,0.24
CC1CCC(*)CC1,CC1(*)CCCCC1,2,0.33,-0.4,0.13,0.53
CC1CCC(*)CC1,CC(C1CCCCC1)*,2,-0.41,-0.32,-0.57,-0.25
CC1CCC(*)CC1,CC(C)C1CCC(*)CC1,2,-0.76,-0.29,-0.91,-0.62
CC1CCC(*)CC1,CC(C)(C)C1CCC(*)CC1,2,-1.12,-0.55,-1.39,-0.85
CC1CCC(*)C1,C1CCC(*)CC1,2,0.11,-0.08,0.07,0.15
CC1CCC(*)C1,C1CCC(*)C1,2,0.02,-0.01,0.02,0.03
CC1CCC(*)C1,C1CCC(C*)CC1,2,-0.3,0.16,-0.22,-0.38
CC1CCC(*)C1,C1CCC(C*)C1,2,-0.29,-0.1,-0.34,-0.24
CC1CCC(*)C1,CC1CCCCC1C*,2,-0.42,-0.3,-0.57,-0.27
CC1CCC(*)C1,CC1CCCC1*,2,0.23,-0.92,-0.23,0.69
CC1CCCC1*,CC1(C)CCC(*)C1,2,-0.28,0.74,0.09,-0.65
CC1CCCC1*,CC1(C)CCC(C*)C1,2,-0.8,0.71,-0.44,-1.16
CC(C)*,O*,2,0.4,0.65,0.72,0.07
COC1CCCC(*)C1,c1ccc(C2CCC(*)CC2)cc1,2,-0.22,-0.09,-0.27,-0.18
COC1CCCC(*)C1,OC1CCC(*)CC1,2,0.11,0.16,0.19,0.03
COC1CCCC(*)C1,c1ccc(*)cc1,2,0.03,-0.52,-0.23,0.29
COC1CCCC(*)C1,C1CCCC(*)CC1,2,0.6,-0.08,0.55,0.64
COC1CCCC(*)C1,C1CCC(*)CC1,2,0.6,-0.09,0.56,0.65
COC1CCCC(*)C1,c1ccc(C2CCCC2*)cc1,2,-0.43,-0.1,-0.48,-0.38
COC1CCCC(*)C1,C1CCC(*)C1,2,0.61,-0.04,0.59,0.63
COC1CCCC(*)C1,FC(F)(F)C1CCCC(*)C1,2,0.1,-0.38,-0.09,0.29
COC1CCCC(*)C1,C1CCC2CC(*)CCC2C1,2,-0.23,-0.7,-0.58,0.12
COC1CCCC(*)C1,C1CC(*)C1,2,0.33,-0.07,0.3,0.36
COC1CCCC(*)C1,C1CC(C2CCC(*)CC2)C1,2,-0.33,-0.45,-0.56,-0.11
COc1cccc(*)c1,C1CCC(*)C1,2,1.13,0.31,1.28,0.97
COC1CCCC(*)C1,FC(F)(F)C1CCC(*)CC1,2,0.24,-0.44,0.02,0.46
COC1CCCC(*)C1,Cc1ccccc1*,2,-0.42,-1.21,-1.03,0.18
COC1CCCC(*)C1,CCC1CCC(*)CC1,2,0.16,-0.15,0.08,0.23
COC1CCCC(*)C1,CC1CCCC(*)C1,2,0.58,-0.08,0.54,0.62
COC1CCCC(*)C1,CC1CCC(*)CC1,2,0.47,-0.2,0.37,0.57
COC1CCCC(*)C1,CC1(C)CCCC(*)C1,2,0.37,-0.64,0.06,0.69
COC1CCCC(*)C1,CC1(C)CCC(*)CC1,2,0.35,-0.34,0.18,0.53
COC1CCCC(*)C1,CC1(C)CCC(*)C1,2,0.59,-0.4,0.39,0.78
COC1CCCC(*)C1,CC1(*)CCCCC1,2,0.8,-0.6,0.51,1.1
COc1cccc(*)c1,CC1(C)CCC(*)CC1,2,0.92,0.35,1.1,0.75
COc1cccc(*)c1,c1ccc(*)cc1,2,0.53,0.14,0.6,0.46
CC1CCCC1*,CC1(C)CCC(C*)CC1,2,-0.99,0.65,-0.66,-1.32
Cc1ccccc1*,CC(C)(C)C1CCC(*)CC1,2,-0.23,0.46,0.01,-0.46
Cc1ccccc1*,CCC1CCC(*)CC1,2,0.58,1.06,1.11,0.05
Cc1ccccc1*,CC1CCCC(*)C1,2,1.0,1.13,1.57,0.44
Cc1ccccc1*,CC1CCC(*)CC1,2,0.89,1.01,1.4,0.39
Cc1ccccc1*,CC1(C)CCCC(*)C1,2,0.8,0.57,1.08,0.51
Cc1ccccc1*,CC1(C)CCC(*)CC1,2,0.78,0.87,1.21,0.34
Cc1ccccc1*,CC1(C)CCC(*)C1,2,1.01,0.81,1.41,0.6
Cc1ccccc1*,CC1(*)CCCCC1,2,1.23,0.61,1.53,0.92
Cc1ccccc1*,CC(C1CCCCC1)*,2,0.49,0.69,0.83,0.14
Cc1ccccc1*,CC(C)C1CCC(*)CC1,2,0.13,0.72,0.49,-0.23
Cc1cccc(*)c1,Cc1ccccc1*,2,-0.51,0.53,-0.25,-0.78
COc1ccccc1*,Clc1ccc(*)cc1,2,0.65,-0.14,0.58,0.72
Cc1cccc(*)c1,Cc1ccc(*)cc1,2,-0.27,1.08,0.27,-0.81
Cc1ccc(*)cc1,Clc1cccc(*)c1,2,0.08,0.07,0.12,0.04
Cc1ccc(*)cc1,Fc1ccc(*)cc1,2,-0.08,0.17,0.0,-0.17
Cc1ccc(*)cc1,Cc1ccccc1*,2,-0.25,-0.54,-0.52,0.02
Cc1ccc(*)cc1,Cc1cccc(*)c1,2,0.27,-1.08,-0.27,0.81
COc1ccccc1*,c1cc(*)cs1,2,0.74,-0.15,0.67,0.81
COc1ccccc1*,Fc1ccccc1*,2,0.81,-0.21,0.7,0.91
COc1ccccc1*,Clc1ccccc1*,2,0.09,-0.52,-0.17,0.35
COc1ccccc1*,Fc1cccc(*)c1,2,0.99,-0.09,0.95,1.04
COC1CCCC(*)C1,CC(C1CCCCC1)*,2,0.06,-0.52,-0.19,0.32
COC1CCCC(*)C1,CC(C)C1CCC(*)CC1,2,-0.29,-0.49,-0.54,-0.04
COC1CCCC(*)C1,CC(C)(C)C1CCC(*)CC1,2,-0.65,-0.75,-1.02,-0.28
CC1CCCCC1C*,CC1(C)CCC(*)CC1,2,0.18,0.35,0.35,0.01
CC1CCCCC1C*,C1CCC(*)C1,2,0.44,0.29,0.58,0.3
CC1CCCCC1C*,C1CCC(C*)CC1,2,0.11,0.46,0.34,-0.11
CC1CCCCC1C*,C1CCC(C*)C1,2,0.13,0.2,0.23,0.03
CC1CCCCC1C*,CC1CCCC1*,2,0.65,-0.63,0.33,0.96
CC1CCCCC1C*,CC1CCCC(C*)C1,2,-0.0,0.24,0.12,-0.12
CC1CCCCC1C*,CC1CCC(*)CC1,2,0.23,0.29,0.37,0.08
CC1CCCCC1C*,CC1CCC(*)C1,2,0.42,0.3,0.57,0.27
CC1CCCCC1C*,CC1(C)CCC(C*)CC1,2,-0.34,0.03,-0.33,-0.35
CC1CCCCC1C*,CC1(C)CCC(C*)C1,2,-0.15,0.09,-0.11,-0.2
CC1CCCCC1C*,CC1(C)CCC(*)C1,2,0.37,0.11,0.42,0.31
CCC1CCC(*)CC1,OC1CCC(*)CC1,2,-0.05,0.31,0.11,-0.2
CC1CCCCC1C*,CC1(C)CC(*)C1,2,0.7,0.75,1.08,0.33
CC1CCCC1*,C1CCC(*)CC1,2,-0.12,0.84,0.3,-0.55
CC1CCCC1*,C1CCC(*)C1,2,-0.21,0.91,0.25,-0.66
CC1CCCC1*,C1CCC(C*)CC1,2,-0.53,1.08,0.01,-1.07
CC1CCCC1*,C1CCC(C*)C1,2,-0.52,0.83,-0.1,-0.93
CC1CCCC1*,CC1CCCCC1C*,2,-0.65,0.63,-0.33,-0.96
CC1CCCC1*,CC1CCCC(C*)C1,2,-0.65,0.87,-0.22,-1.08
CC1CCCC1*,CC1CCC(*)CC1,2,-0.42,0.92,0.04,-0.88
CC1CCCC1*,CC1CCC(*)C1,2,-0.23,0.92,0.23,-0.69
CC1CCCCC1C*,C1CCC(*)CC1,2,0.52,0.22,0.63,0.42
CCC1CCC(*)CC1,CC(C)(C)C1CCC(*)CC1,2,-0.8,-0.59,-1.1,-0.51
CCC1CCC(*)CC1,CC(C)C1CCC(*)CC1,2,-0.45,-0.34,-0.62,-0.28
CCC1CCC(*)CC1,CC(C1CCCCC1)*,2,-0.09,-0.37,-0.27,0.09
CCC1CCC(*)CC1,c1ccc(*)cc1,2,-0.12,-0.37,-0.31,0.06
CCC1CCC(*)CC1,C1CCCC(*)CC1,2,0.44,0.07,0.47,0.41
CCC1CCC(*)CC1,C1CCC(*)CC1,2,0.45,0.06,0.48,0.42
CCC1CCC(*)CC1,c1ccc(C2CCCC2*)cc1,2,-0.59,0.05,-0.56,-0.61
CCC1CCC(*)CC1,C1CCC(*)C1,2,0.45,0.11,0.51,0.4
CCC1CCC(*)CC1,FC(F)(F)C1CCCC(*)C1,2,-0.05,-0.23,-0.17,0.06
CCC1CCC(*)CC1,C1CCC2CC(*)CCC2C1,2,-0.39,-0.55,-0.66,-0.11
CCC1CCC(*)CC1,C1CC(*)C1,2,0.18,0.08,0.22,0.13
CCC1CCC(*)CC1,c1ccc(C2CCC(*)CC2)cc1,2,-0.38,0.06,-0.35,-0.41
CCC1CCC(*)CC1,C1CC(C2CCC(*)CC2)C1,2,-0.49,-0.3,-0.64,-0.34
CCC1CCC(*)CC1,FC(F)(F)C1CCC(*)CC1,2,0.09,-0.29,-0.06,0.23
CCC1CCC(*)CC1,Cc1ccccc1*,2,-0.58,-1.06,-1.11,-0.05
CCC1CCC(*)CC1,COC1CCCC(*)C1,2,-0.16,0.15,-0.08,-0.23
CCC1CCC(*)CC1,CC1CCCC(*)C1,2,0.42,0.07,0.46,0.39
CCC1CCC(*)CC1,CC1CCC(*)CC1,2,0.32,-0.05,0.29,0.34
CCC1CCC(*)CC1,CC1(C)CCCC(*)C1,2,0.22,-0.48,-0.02,0.46
CCC1CCC(*)CC1,CC1(C)CCC(*)CC1,2,0.2,-0.19,0.1,0.29
CCC1CCC(*)CC1,CC1(C)CCC(*)C1,2,0.43,-0.24,0.31,0.55
CCC1CCC(*)CC1,CC1(*)CCCCC1,2,0.65,-0.44,0.43,0.87
CC1(C)CCCC(*)C1,CC1(C)CCC(*)CC1,2,-0.02,0.29,0.13,-0.17
CC1(C)CCCC(*)C1,CC1(C)CCC(*)C1,2,0.21,0.24,0.33,0.09
CC1(C)CCCC(*)C1,CC1(*)CCCCC1,2,0.43,0.04,0.45,0.41
CC(C)C1CCC(*)CC1,OC1CCC(*)CC1,2,0.4,0.65,0.72,0.07
CC(C1CCCCC1)*,CCC1CCC(*)CC1,2,0.09,0.37,0.27,-0.09
CC(C1CCCCC1)*,CC1CCCC(*)C1,2,0.52,0.44,0.73,0.3
CC(C1CCCCC1)*,CC1CCC(*)CC1,2,0.41,0.32,0.57,0.25
CC(C1CCCCC1)*,CC1(C)CCCC(*)C1,2,0.31,-0.12,0.25,0.37
CC(C1CCCCC1)*,CC1(C)CCC(*)CC1,2,0.29,0.18,0.38,0.2
CC(C1CCCCC1)*,CC1(C)CCC(*)C1,2,0.52,0.12,0.58,0.46
CC(C1CCCCC1)*,CC1(*)CCCCC1,2,0.74,-0.08,0.7,0.78
CC(C1CCCCC1)*,CC(C)C1CCC(*)CC1,2,-0.35,0.03,-0.34,-0.37
CC(C1CCCCC1)*,CC(C)(C)C1CCC(*)CC1,2,-0.71,-0.23,-0.83,-0.6
CC(C)C1CCC(*)CC1,c1ccc(*)cc1,2,0.32,-0.03,0.31,0.34
CC(C1CCCCC1)*,Cc1ccccc1*,2,-0.49,-0.69,-0.83,-0.14
CC(C)C1CCC(*)CC1,C1CCCC(*)CC1,2,0.89,0.41,1.09,0.68
CC(C)C1CCC(*)CC1,C1CCC(*)CC1,2,0.9,0.4,1.09,0.7
CC(C)C1CCC(*)CC1,c1ccc(C2CCCC2*)cc1,2,-0.14,0.39,0.05,-0.34
CC(C)C1CCC(*)CC1,C1CCC(*)C1,2,0.9,0.45,1.13,0.67
CC(C)C1CCC(*)CC1,FC(F)(F)C1CCCC(*)C1,2,0.39,0.11,0.45,0.34
CC(C)C1CCC(*)CC1,C1CCC2CC(*)CCC2C1,2,0.06,-0.21,-0.05,0.17
CC(C)C1CCC(*)CC1,C1CC(*)C1,2,0.62,0.42,0.83,0.41
CC(C)C1CCC(*)CC1,c1ccc(C2CCC(*)CC2)cc1,2,0.07,0.4,0.26,-0.13
CC(C)C1CCC(*)CC1,C1CC(C2CCC(*)CC2)C1,2,-0.04,0.04,-0.02,-0.06
CC(C1CCCCC1)*,COC1CCCC(*)C1,2,-0.06,0.52,0.19,-0.32
CC(C1CCCCC1)*,FC(F)(F)C1CCC(*)CC1,2,0.18,0.08,0.22,0.14
CC1(C)CCCC(*)C1,CC(C1CCCCC1)*,2,-0.31,0.12,-0.25,-0.37
CC1(*)CCCCC1,CC(C)(C)C1CCC(*)CC1,2,-1.45,-0.15,-1.53,-1.38
CC1(*)CCCCC1,Cc1ccccc1*,2,-1.23,-0.61,-1.53,-0.92
CC1(*)CCCCC1,COC1CCCC(*)C1,2,-0.8,0.6,-0.51,-1.1
CC1(*)CCCCC1,CCC1CCC(*)CC1,2,-0.65,0.44,-0.43,-0.87
CC1(*)CCCCC1,CC1CCCC(*)C1,2,-0.22,0.52,0.03,-0.48
CC1(*)CCCCC1,CC1CCC(*)CC1,2,-0.33,0.4,-0.13,-0.53
CC1(*)CCCCC1,CC1(C)CCCC(*)C1,2,-0.43,-0.04,-0.45,-0.41
CC1(*)CCCCC1,CC1(C)CCC(*)CC1,2,-0.45,0.25,-0.32,-0.58
CC1(*)CCCCC1,CC(C1CCCCC1)*,2,-0.74,0.08,-0.7,-0.78
CC1(*)CCCCC1,CC(C)C1CCC(*)CC1,2,-1.09,0.1,-1.04,-1.15
CC(C1CCCCC1)*,OC1CCC(*)CC1,2,0.04,0.68,0.38,-0.3
CC(C1CCCCC1)*,C1CC(C2CCC(*)CC2)C1,2,-0.4,0.07,-0.36,-0.43
CC(C1CCCCC1)*,c1ccc(*)cc1,2,-0.03,-0.0,-0.03,-0.03
CC(C1CCCCC1)*,C1CCCC(*)CC1,2,0.53,0.43,0.75,0.31
CC(C1CCCCC1)*,C1CCC(*)CC1,2,0.54,0.42,0.75,0.33
CC(C1CCCCC1)*,c1ccc(C2CCCC2*)cc1,2,-0.5,0.41,-0.29,-0.7
CC(C1CCCCC1)*,C1CCC(*)C1,2,0.55,0.48,0.78,0.31
CC(C1CCCCC1)*,FC(F)(F)C1CCCC(*)C1,2,0.04,0.14,0.11,-0.03
CC(C1CCCCC1)*,C1CCC2CC(*)CCC2C1,2,-0.29,-0.19,-0.39,-0.2
CC(C1CCCCC1)*,C1CC(*)C1,2,0.27,0.45,0.49,0.04
CC(C1CCCCC1)*,c1ccc(C2CCC(*)CC2)cc1,2,-0.29,0.42,-0.08,-0.5
CC(C)C1CCC(*)CC1,FC(F)(F)C1CCC(*)CC1,2,0.53,0.05,0.56,0.51
CC(C)C1CCC(*)CC1,Cc1ccccc1*,2,-0.13,-0.72,-0.49,0.23
CC(C)C1CCC(*)CC1,COC1CCCC(*)C1,2,0.29,0.49,0.54,0.04
O*,C1CC(*)C1,2,-0.44,-0.61,-0.74,-0.13
CC(C)(C)C1CCC(*)CC1,CC1CCCC(*)C1,2,1.23,0.67,1.56,0.89
CC(C)(C)C1CCC(*)CC1,CC1CCC(*)CC1,2,1.12,0.55,1.39,0.85
CC(C)(C)C1CCC(*)CC1,CC1(C)CCCC(*)C1,2,1.02,0.11,1.08,0.97
CC(C)(C)C1CCC(*)CC1,CC1(C)CCC(*)CC1,2,1.0,0.4,1.2,0.8
CC(C)(C)C1CCC(*)CC1,CC1(C)CCC(*)C1,2,1.23,0.35,1.41,1.06
CC(C)(C)C1CCC(*)CC1,CC1(*)CCCCC1,2,1.45,0.15,1.53,1.38
CC(C)(C)C1CCC(*)CC1,CC(C1CCCCC1)*,2,0.71,0.23,0.83,0.6
CC(C)(C)C1CCC(*)CC1,CC(C)C1CCC(*)CC1,2,0.36,0.25,0.48,0.23
O*,c1ccc(*)cc1,2,-0.33,-0.25,-0.46,-0.2
O*,FC(F)(F)*,2,0.14,-0.6,-0.16,0.44
CC(C)C1CCC(*)CC1,CCC1CCC(*)CC1,2,0.45,0.34,0.62,0.28
O*,CC*,2,0.05,-0.31,-0.11,0.2
O*,C*,2,0.36,-0.36,0.19,0.54
O*,CC(C)*,2,-0.4,-0.65,-0.72,-0.07
O*,CC(C)(C)*,2,-0.75,-0.9,-1.21,-0.3
c1ccc(*)cc1,O*,2,0.33,0.25,0.46,0.2
C1CC(*)C1,O*,2,0.44,0.61,0.74,0.13
FC(F)(F)*,O*,2,-0.14,0.6,0.16,-0.44
CC*,O*,2,-0.05,0.31,0.11,-0.2
C*,O*,2,-0.36,0.36,-0.19,-0.54
CC(C)(C)C1CCC(*)CC1,CCC1CCC(*)CC1,2,0.8,0.59,1.1,0.51
CC(C)(C)C1CCC(*)CC1,COC1CCCC(*)C1,2,0.65,0.75,1.02,0.28
CC(C)(C)C1CCC(*)CC1,Cc1ccccc1*,2,0.23,-0.46,-0.01,0.46
CC(C)(C)C1CCC(*)CC1,FC(F)(F)C1CCC(*)CC1,2,0.89,0.3,1.04,0.74
CC(C)C1CCC(*)CC1,CC1CCCC(*)C1,2,0.87,0.41,1.08,0.66
CC(C)C1CCC(*)CC1,CC1CCC(*)CC1,2,0.76,0.29,0.91,0.62
CC(C)C1CCC(*)CC1,CC1(C)CCCC(*)C1,2,0.67,-0.15,0.59,0.74
CC(C)C1CCC(*)CC1,CC1(C)CCC(*)CC1,2,0.65,0.15,0.72,0.57
CC(C)C1CCC(*)CC1,CC1(C)CCC(*)C1,2,0.88,0.1,0.92,0.83
CC(C)C1CCC(*)CC1,CC1(*)CCCCC1,2,1.09,-0.1,1.04,1.15
CC(C)C1CCC(*)CC1,CC(C1CCCCC1)*,2,0.35,-0.03,0.34,0.37
CC(C)C1CCC(*)CC1,CC(C)(C)C1CCC(*)CC1,2,-0.36,-0.25,-0.48,-0.23
CC(C)(C)C1CCC(*)CC1,OC1CCC(*)CC1,2,0.75,0.9,1.21,0.3
CC(C)(C)C1CCC(*)CC1,c1ccc(*)cc1,2,0.68,0.22,0.79,0.57
CC(C)(C)C1CCC(*)CC1,C1CCCC(*)CC1,2,1.24,0.66,1.57,0.91
CC(C)(C)C1CCC(*)CC1,C1CCC(*)CC1,2,1.25,0.65,1.58,0.93
CC(C)(C)C1CCC(*)CC1,c1ccc(C2CCCC2*)cc1,2,0.22,0.64,0.54,-0.11
CC(C)(C)C1CCC(*)CC1,C1CCC(*)C1,2,1.26,0.71,1.61,0.91
CC(C)(C)C1CCC(*)CC1,FC(F)(F)C1CCCC(*)C1,2,0.75,0.37,0.93,0.57
CC(C)(C)C1CCC(*)CC1,C1CCC2CC(*)CCC2C1,2,0.42,0.04,0.44,0.4
CC(C)(C)C1CCC(*)CC1,C1CC(*)C1,2,0.98,0.68,1.32,0.64
CC(C)(C)C1CCC(*)CC1,c1ccc(C2CCC(*)CC2)cc1,2,0.42,0.65,0.75,0.1
CC(C)(C)C1CCC(*)CC1,C1CC(C2CCC(*)CC2)C1,2,0.32,0.29,0.46,0.17
CC1(*)CCCCC1,C1CCC(C*)CC1,2,-0.42,0.55,-0.15,-0.7
CC1(*)CCCCC1,FC(F)(F)C1CCC(*)CC1,2,-0.56,0.15,-0.48,-0.64
CC1(*)CCCCC1,C1CC(C2CCC(*)CC2)C1,2,-1.14,0.14,-1.06,-1.21
CC1(C)CCC(*)CC1,C1CC(C2CCC(*)CC2)C1,2,-0.69,-0.11,-0.74,-0.63
CC1(C)CCC(C*)C1,CC1(C)CC(*)C1,2,0.85,0.66,1.18,0.52
CC1(C)CCC(*)CC1,OC1CCC(*)CC1,2,-0.25,0.5,0.0,-0.5
CC1(C)CCC(*)CC1,c1ccc(*)cc1,2,-0.32,-0.18,-0.41,-0.23
CC1(C)CCC(*)CC1,C1CCCC(*)CC1,2,0.24,0.26,0.37,0.11
CC1(C)CCC(*)CC1,c1ccc(C2CCCC2*)cc1,2,-0.79,0.24,-0.67,-0.91
CC1(C)CCC(*)CC1,FC(F)(F)C1CCCC(*)C1,2,-0.25,-0.04,-0.27,-0.23
CC1(C)CCC(*)CC1,C1CCC2CC(*)CCC2C1,2,-0.59,-0.36,-0.77,-0.4
CC1(C)CCC(*)CC1,C1CC(*)C1,2,-0.02,0.27,0.11,-0.16
CC1(C)CCC(*)CC1,c1ccc(C2CCC(*)CC2)cc1,2,-0.58,0.25,-0.46,-0.7
CC1(C)CCC(*)CC1,FC(F)(F)C1CCC(*)CC1,2,-0.11,-0.1,-0.16,-0.06
CC1(C)CCC(*)CC1,CC1(C)CCCC(*)C1,2,0.02,-0.29,-0.13,0.17
CC1(C)CCC(*)CC1,C1CCC(C*)CC1,2,-0.07,0.11,-0.01,-0.12
CC1(C)CCC(*)CC1,C1CCC(C*)C1,2,-0.05,-0.15,-0.12,0.02
CC1(C)CCC(*)CC1,Cc1ccccc1*,2,-0.78,-0.87,-1.21,-0.34
CC1(C)CCC(*)CC1,COc1cccc(*)c1,2,-0.92,-0.35,-1.1,-0.75
CC1(C)CCC(*)CC1,COC1CCCC(*)C1,2,-0.35,0.34,-0.18,-0.53
CC1(C)CCC(*)CC1,CCC1CCC(*)CC1,2,-0.2,0.19,-0.1,-0.29
CC1(C)CCC(*)CC1,CC1CCCCC1C*,2,-0.18,-0.35,-0.35,-0.01
CC1(C)CCC(*)CC1,CC1CCCC1*,2,0.47,-0.97,-0.02,0.95
CC1(C)CCC(*)CC1,CC1CCCC(C*)C1,2,-0.18,-0.11,-0.24,-0.13
CC1(C)CCC(C*)C1,CC1(C)CCC(*)C1,2,0.52,0.03,0.53,0.51
CC1(C)CCC(C*)C1,CC1(C)CCC(*)CC1,2,0.33,0.26,0.46,0.2
CC1(C)CCC(C*)C1,CC1(C)CCC(C*)CC1,2,-0.19,-0.06,-0.22,-0.16
CC1(C)CCC(C*)C1,CC1CCC(*)C1,2,0.57,0.21,0.68,0.47
CC1(C)CCCC(*)C1,CC(C)C1CCC(*)CC1,2,-0.67,0.15,-0.59,-0.74
CC1(C)CCCC(*)C1,CC(C)(C)C1CCC(*)CC1,2,-1.02,-0.11,-1.08,-0.97
CC1(C)CCC(C*)CC1,c1csc(*)c1,2,-0.09,-0.24,-0.21,0.03
CC1(C)CCC(C*)CC1,CC1CCCCC1C*,2,0.34,-0.03,0.33,0.35
CC1(C)CCC(C*)CC1,CC1CCCC1*,2,0.99,-0.65,0.66,1.32
CC1(C)CCC(C*)CC1,CC1CCCC(C*)C1,2,0.34,0.21,0.44,0.23
CC1(C)CCC(C*)CC1,CC1CCC(*)CC1,2,0.57,0.26,0.7,0.44
CC1(C)CCC(C*)CC1,CC1CCC(*)C1,2,0.76,0.27,0.89,0.62
CC1(C)CCC(C*)CC1,CC1(C)CCC(C*)C1,2,0.19,0.06,0.22,0.16
CC1(C)CCC(C*)CC1,CC1(C)CCC(*)CC1,2,0.52,0.32,0.68,0.36
CC1(C)CCC(C*)C1,c1ccc(*)cc1,2,-0.22,0.32,-0.06,-0.38
CC1(C)CCC(C*)C1,C1CCC(*)CC1,2,0.68,0.13,0.74,0.61
CC1(C)CCC(C*)C1,C1CCC(*)C1,2,0.59,0.2,0.69,0.49
CC1(C)CCC(C*)C1,c1ccc(C2CCC(*)CC2)cc1,2,-0.37,1.18,0.22,-0.96
CC1(C)CCC(C*)C1,C1CCC(C*)C1,2,0.28,0.11,0.34,0.23
CC1(C)CCC(C*)C1,CC1CCCCC1C*,2,0.15,-0.09,0.11,0.2
CC1(C)CCC(C*)C1,CC1CCCC1*,2,0.8,-0.71,0.44,1.16
CC1(C)CCC(C*)C1,CC1CCCC(C*)C1,2,0.15,0.15,0.22,0.07
CC1(C)CCC(C*)C1,CC1CCC(*)CC1,2,0.38,0.2,0.48,0.28
CC1(C)CCC(*)CC1,CC1CCC(*)C1,2,0.24,-0.05,0.21,0.26
CC1(C)CCC(*)CC1,CC1(C)CCC(C*)CC1,2,-0.52,-0.32,-0.68,-0.36
CC1(*)CCCCC1,c1ccc(C2CCC(*)CC2)cc1,2,-1.03,0.5,-0.78,-1.28
CC1(C)CC(*)C1,CC1CCC(*)CC1,2,-0.47,-0.46,-0.7,-0.24
CC1(C)CCC(*)C1,CC1(C)CCC(C*)C1,2,-0.52,-0.03,-0.53,-0.51
CC1(C)CCC(*)C1,CC(C1CCCCC1)*,2,-0.52,-0.12,-0.58,-0.46
CC1(C)CCC(*)C1,CC(C)C1CCC(*)CC1,2,-0.88,-0.1,-0.92,-0.83
CC1(C)CCC(*)C1,CC(C)(C)C1CCC(*)CC1,2,-1.23,-0.35,-1.41,-1.06
CC1(C)CC(*)C1,c1csc(*)c1,2,-1.03,-0.66,-1.36,-0.7
CC1(C)CC(*)C1,C1CCCC(C*)CC1,2,-0.43,-0.45,-0.65,-0.2
CC1(C)CC(*)C1,CC1CCCCC1C*,2,-0.7,-0.75,-1.08,-0.33
CC1(C)CC(*)C1,CC1CCCC1*,2,-0.05,-1.38,-0.74,0.63
CC1(C)CC(*)C1,CC1CCCC(C*)C1,2,-0.7,-0.51,-0.96,-0.45
CC1(C)CC(*)C1,CC1CCC(*)C1,2,-0.28,-0.45,-0.51,-0.06
CC1(C)CCC(*)CC1,CC1(C)CCC(C*)C1,2,-0.33,-0.26,-0.46,-0.2
CC1(C)CC(*)C1,CC1(C)CCC(C*)C1,2,-0.85,-0.66,-1.18,-0.52
CC1(C)CC(*)C1,CC1(C)CCC(*)CC1,2,-0.52,-0.4,-0.72,-0.32
CC1(*)CCCCC1,OC1CCC(*)CC1,2,-0.7,0.75,-0.32,-1.07
CC1(*)CCCCC1,c1csc(*)c1,2,-1.14,0.23,-1.03,-1.26
CC1(*)CCCCC1,C1CCCC(*)CC1,2,-0.21,0.51,0.05,-0.46
CC1(*)CCCCC1,c1ccc(C2CCCC2*)cc1,2,-1.24,0.49,-0.99,-1.48
CC1(*)CCCCC1,FC(F)(F)C1CCCC(*)C1,2,-0.7,0.22,-0.59,-0.81
CC1(*)CCCCC1,C1CCC2CC(*)CCC2C1,2,-1.03,-0.11,-1.09,-0.98
CC1(*)CCCCC1,C1CC(*)C1,2,-0.47,0.53,-0.21,-0.74
CC1(C)CCC(*)C1,CC1(C)CCCC(*)C1,2,-0.21,-0.24,-0.33,-0.09
CC1(C)CCC(*)C1,CC1CCC(*)C1,2,0.05,0.18,0.14,-0.04
CC1(C)CCC(*)C1,CC1CCCC(C*)C1,2,-0.37,0.13,-0.31,-0.43
CC1(C)CCC(*)C1,CC1CCCC1*,2,0.28,-0.74,-0.09,0.65
CC1(C)CCC(*)CC1,CC1(C)CC(*)C1,2,0.52,0.4,0.72,0.32
CC1(C)CCC(*)CC1,CC1(*)CCCCC1,2,0.45,-0.25,0.32,0.58
CC1(C)CCC(*)CC1,CC(C1CCCCC1)*,2,-0.29,-0.18,-0.38,-0.2
CC1(C)CCC(*)CC1,CC(C)C1CCC(*)CC1,2,-0.65,-0.15,-0.72,-0.57
CC1(C)CCC(*)CC1,CC(C)(C)C1CCC(*)CC1,2,-1.0,-0.4,-1.2,-0.8
CC1(C)CCC(*)C1,OC1CCC(*)CC1,2,-0.48,0.55,-0.2,-0.76
CC1(C)CCC(*)C1,c1csc(*)c1,2,-0.61,-0.18,-0.7,-0.52
CC1(C)CCC(*)C1,c1ccc(C2CCCC2*)cc1,2,-1.02,0.29,-0.87,-1.16
CC1(C)CCC(*)C1,FC(F)(F)C1CCCC(*)C1,2,-0.48,0.01,-0.48,-0.49
CC1(C)CCC(*)C1,C1CCC2CC(*)CCC2C1,2,-0.82,-0.31,-0.97,-0.66
CC1(C)CCC(*)C1,C1CC(*)C1,2,-0.25,0.33,-0.09,-0.42
CC1(C)CCC(*)C1,c1ccc(C2CCC(*)CC2)cc1,2,-0.81,0.3,-0.66,-0.96
CC1(C)CCC(*)C1,C1CC(C2CCC(*)CC2)C1,2,-0.92,-0.06,-0.94,-0.89
CC1(C)CCC(*)C1,FC(F)(F)C1CCC(*)CC1,2,-0.34,-0.05,-0.37,-0.32
CC1(C)CCC(*)C1,C1CCC(C*)CC1,2,-0.25,0.34,-0.08,-0.42
CC1(C)CCC(*)C1,Cc1ccccc1*,2,-1.01,-0.81,-1.41,-0.6
CC1(C)CCC(*)C1,COC1CCCC(*)C1,2,-0.59,0.4,-0.39,-0.78
CC1(C)CCC(*)C1,CCC1CCC(*)CC1,2,-0.43,0.24,-0.31,-0.55
CC1(C)CCC(*)C1,CC1CCCCC1C*,2,-0.37,-0.11,-0.42,-0.31
O[C@H](CC1CCCCC1)*,O[C@@H](C1CCCCC1)*,2,0.12,0.18,0.21,0.03
